<?xml version="1.0" encoding="UTF-8"?>
<metadata xml:lang="en"><Esri><CreaDate>20180426</CreaDate><CreaTime>09560800</CreaTime><SyncOnce>FALSE</SyncOnce><DataProperties><lineage><Process ToolSource="C:\Program Files\ArcGIS\ArcToolbox\Toolboxes\Cartography Tools.tbx\AddRepresentation" Date="20080401" Time="163800">AddRepresentation "Database Connections\SPADMIN on Production Run Migration.sde\SPADMIN.LVCable" GND_LVCable GND_SYMBOL GND_SHAPE STORE_CHANGE_AS_OVERRIDE Z:\Migrations\MigProdRun\ArcFM\GND\GND_symbols//LVCable.lyr NO_ASSIGN "Database Connections\SPADMIN on Production Run Migration.sde\SPADMIN.LVCable"</Process><Process ToolSource="C:\Program Files\ArcGIS\ArcToolbox\Toolboxes\Data Management Tools.tbx\AssignDefaultToField" Date="20080401" Time="165057">AssignDefaultToField "Database Connections\SPADMIN on Production Run Migration.sde\SPADMIN.LVCable" GND_SYMBOL 1 '1: LV Cable Phase One';'2: LV Cable Phase Two';'3: LV Cable Phase Three' "Database Connections\SPADMIN on Production Run Migration.sde\SPADMIN.LVCable"</Process><Process Name="Append_1" ToolSource="D:\Program Files\ArcGIS\ArcToolbox\Toolboxes\Data Management Tools.tbx\Append" Date="20080707" Time="162350">Append D:\LVCableFix.gdb\GoodLV2 "Database Connections\GISNETP GeometryFix.sde\SPADMIN.EnergyNetworksFD\SPADMIN.LVCable" NO_TEST "ENABLED ENABLED true true true 2 Short 0 5 ,First,#,D:\LVCableFix.gdb\GoodLV2,ENABLED,-1,-1;CREATIONUSER Creation User true true false 50 Text 0 0 ,First,#,D:\LVCableFix.gdb\GoodLV2,CREATIONUSER,-1,-1;DATECREATED Date Created true true false 36 Date 0 0 ,First,#,D:\LVCableFix.gdb\GoodLV2,DATECREATED,-1,-1;DATEMODIFIED Date Modified true true false 36 Date 0 0 ,First,#,D:\LVCableFix.gdb\GoodLV2,DATEMODIFIED,-1,-1;LASTUSER Last User true true false 50 Text 0 0 ,First,#,D:\LVCableFix.gdb\GoodLV2,LASTUSER,-1,-1;GLOBALID GlobalID false false true 38 Long 0 0 ,First,#,D:\LVCableFix.gdb\GoodLV2,GLOBALID,-1,-1;MEASUREDLENGTH Measured Length true true false 8 Double 8 38 ,First,#,D:\LVCableFix.gdb\GoodLV2,MEASUREDLENGTH,-1,-1;SPLABELHIDE Hide Label true true false 2 Short 0 5 ,First,#,D:\LVCableFix.gdb\GoodLV2,SPLABELHIDE,-1,-1;PARENTCIRCUITSOURCEID Parent Circuit Source ID true true false 4 Long 0 10 ,First,#,D:\LVCableFix.gdb\GoodLV2,PARENTCIRCUITSOURCEID,-1,-1;SPOBJECT UDB Object Number true true false 4 Long 0 10 ,First,#,D:\LVCableFix.gdb\GoodLV2,SPOBJECT,-1,-1;PHASEDESIGNATION Phase Designation true true false 4 Long 0 10 ,First,#,D:\LVCableFix.gdb\GoodLV2,PHASEDESIGNATION,-1,-1;FEEDERID Feeder ID true true false 20 Text 0 0 ,First,#,D:\LVCableFix.gdb\GoodLV2,FEEDERID,-1,-1;FEEDERID2 Feeder ID 2 true true false 20 Text 0 0 ,First,#,D:\LVCableFix.gdb\GoodLV2,FEEDERID2,-1,-1;ELECTRICTRACEWEIGHT Electric Trace Weight true true false 4 Long 0 10 ,First,#,D:\LVCableFix.gdb\GoodLV2,ELECTRICTRACEWEIGHT,-1,-1;FEEDERINFO Feeder Information true true false 4 Long 0 10 ,First,#,D:\LVCableFix.gdb\GoodLV2,FEEDERINFO,-1,-1;CONDUCTORSIZE Conductor Size true true false 5 Text 0 0 ,First,#,D:\LVCableFix.gdb\GoodLV2,CONDUCTORSIZE,-1,-1;INSULATIONTYPE Insulation Type true true false 5 Text 0 0 ,First,#,D:\LVCableFix.gdb\GoodLV2,INSULATIONTYPE,-1,-1;NEUTRALMATERIAL Neutral Material true true false 5 Text 0 0 ,First,#,D:\LVCableFix.gdb\GoodLV2,NEUTRALMATERIAL,-1,-1;NEUTRALSIZE Neutral Size true true false 5 Text 0 0 ,First,#,D:\LVCableFix.gdb\GoodLV2,NEUTRALSIZE,-1,-1;NUMBERCONDUCTORSPERPHASE Number of Conductors per Phase true true false 4 Long 0 10 ,First,#,D:\LVCableFix.gdb\GoodLV2,NUMBERCONDUCTORSPERPHASE,-1,-1;LABELTEXT Label Text true true false 100 Text 0 0 ,First,#,D:\LVCableFix.gdb\GoodLV2,LABELTEXT,-1,-1;SPINSTALLED Installation Date true true false 36 Date 0 0 ,First,#,D:\LVCableFix.gdb\GoodLV2,SPINSTALLED,-1,-1;SPINSTALLEDBY Installed By true true false 25 Text 0 0 ,First,#,D:\LVCableFix.gdb\GoodLV2,SPINSTALLEDBY,-1,-1;SPNUMOFPHASES Number of Phases true true false 4 Long 0 9 ,First,#,D:\LVCableFix.gdb\GoodLV2,SPNUMOFPHASES,-1,-1;SPOWNEDBY Owned By true true false 255 Text 0 0 ,First,#,D:\LVCableFix.gdb\GoodLV2,SPOWNEDBY,-1,-1;SPTRANSREF Transmission Reference true true false 255 Text 0 0 ,First,#,D:\LVCableFix.gdb\GoodLV2,SPTRANSREF,-1,-1;SPASSUMEDATTR Assumed attribute true true false 1 Text 0 0 ,First,#,D:\LVCableFix.gdb\GoodLV2,SPASSUMEDATTR,-1,-1;SPSTATUS Status true true false 2 Text 0 0 ,First,#,D:\LVCableFix.gdb\GoodLV2,SPSTATUS,-1,-1;SPACTIVITYCODE Activity Code true true false 15 Text 0 0 ,First,#,D:\LVCableFix.gdb\GoodLV2,SPACTIVITYCODE,-1,-1;SPFINANCIALCODE Financial Code true true false 15 Text 0 0 ,First,#,D:\LVCableFix.gdb\GoodLV2,SPFINANCIALCODE,-1,-1;SPFNAME FName true true false 4 Long 0 9 ,First,#,D:\LVCableFix.gdb\GoodLV2,SPFNAME,-1,-1;SPLNAME LName true true false 4 Long 0 9 ,First,#,D:\LVCableFix.gdb\GoodLV2,SPLNAME,-1,-1;CONDUCTORMATERIAL Conductor Material true true false 2 Text 0 0 ,First,#,D:\LVCableFix.gdb\GoodLV2,CONDUCTORMATERIAL,-1,-1;SPARMOURING Armouring true true false 2 Text 0 0 ,First,#,D:\LVCableFix.gdb\GoodLV2,SPARMOURING,-1,-1;SPBUNCHEDPHASINGCOLOUR Bunched Phasing Colour true true false 255 Text 0 0 ,First,#,D:\LVCableFix.gdb\GoodLV2,SPBUNCHEDPHASINGCOLOUR,-1,-1;SPDECOMMISSIONDATE Decommission Date true true false 36 Date 0 0 ,First,#,D:\LVCableFix.gdb\GoodLV2,SPDECOMMISSIONDATE,-1,-1;SPCONSTRUCTIONTYPE Construction Type true true false 8 Text 0 0 ,First,#,D:\LVCableFix.gdb\GoodLV2,SPCONSTRUCTIONTYPE,-1,-1;SPCABLENUMOFCONDS Cable Number of Conductors true true false 4 Text 0 0 ,First,#,D:\LVCableFix.gdb\GoodLV2,SPCABLENUMOFCONDS,-1,-1;OPERATINGVOLTAGE Operating Voltage true true false 4 Long 0 10 ,First,#,D:\LVCableFix.gdb\GoodLV2,OPERATINGVOLTAGE,-1,-1;SUBTYPECD Subtype true true false 4 Long 0 10 ,First,#,D:\LVCableFix.gdb\GoodLV2,SUBTYPECD,-1,-1;SPMAINORSERVICE Main or Service Indicator true true false 1 Text 0 0 ,First,#,D:\LVCableFix.gdb\GoodLV2,SPMAINORSERVICE,-1,-1;SPDESIGNVOLT Design Voltage true true false 4 Long 0 10 ,First,#,D:\LVCableFix.gdb\GoodLV2,SPDESIGNVOLT,-1,-1;SPXSECTAREA Cross Sectional Area true true false 8 Text 0 0 ,First,#,D:\LVCableFix.gdb\GoodLV2,SPXSECTAREA,-1,-1;GND_SYMBOL GND_SYMBOL true true true 4 Long 0 10 ,First,#,D:\LVCableFix.gdb\GoodLV2,GND_SYMBOL,-1,-1;GND_SHAPE GND_SHAPE true true true 0 Blob 0 0 ,First,#;LEN LEN false false true 0 Double 0 0 ,First,#,D:\LVCableFix.gdb\GoodLV2,SHAPE_Length,-1,-1" "Database Connections\GISNETP GeometryFix.sde\SPADMIN.EnergyNetworksFD\SPADMIN.LVCable"</Process><Process Name="Analyze_1" ToolSource="D:\Program Files\ArcGIS\ArcToolbox\Toolboxes\Data Management Tools.tbx\Analyze" Date="20090324" Time="173545">Analyze "Database Connections\GISNETP SPADMIN.sde\SPADMIN.EnergyNetworksFD\SPADMIN.LVCable" BUSINESS;FEATURE;ADDS;DELETES "Database Connections\GISNETP SPADMIN.sde\SPADMIN.EnergyNetworksFD\SPADMIN.LVCable"</Process><Process ToolSource="D:\Program Files (x86)\ArcGIS\Desktop10.0\ArcToolbox\Toolboxes\Data Management Tools.tbx\CalculateField" Date="20141213" Time="113629">CalculateField "LV Cable" SPOWNEDBY "SP" VB #</Process><Process ToolSource="D:\Program Files (x86)\ArcGIS\Desktop10.0\ArcToolbox\Toolboxes\Data Management Tools.tbx\CalculateField" Date="20141213" Time="115624">CalculateField "LV Cable selection" SPLICENCEAREA "SPD" VB #</Process><Process ToolSource="D:\Program Files (x86)\ArcGIS\Desktop10.0\ArcToolbox\Toolboxes\Data Management Tools.tbx\CalculateField" Date="20141213" Time="120133">CalculateField "LV Cable selection" SPLICENCEAREA "SPM" VB #</Process><Process ToolSource="D:\Program Files (x86)\ArcGIS\Desktop10.0\ArcToolbox\Toolboxes\Data Management Tools.tbx\CalculateField" Date="20150223" Time="133135">CalculateField "LV Cable selection" SPLICENCEAREA "SPM" VB #</Process><Process ToolSource="D:\Program Files (x86)\ArcGIS\Desktop10.0\ArcToolbox\Toolboxes\Data Management Tools.tbx\CalculateField" Date="20150223" Time="134242">CalculateField "LV Cable selection" SPLICENCEAREA "SPD" VB #</Process><Process ToolSource="D:\Program Files (x86)\ArcGIS\Desktop10.0\ArcToolbox\Toolboxes\Data Management Tools.tbx\CalculateField" Date="20150304" Time="100047">CalculateField "LV Cable selection" SPLICENCEAREA "SPD" VB #</Process><Process ToolSource="D:\Program Files (x86)\ArcGIS\Desktop10.0\ArcToolbox\Toolboxes\Data Management Tools.tbx\CalculateField" Date="20150304" Time="111152">CalculateField "LV Cable selection" SPLICENCEAREA "SPM" VB #</Process><Process ToolSource="D:\Program Files (x86)\ArcGIS\Desktop10.0\ArcToolbox\Toolboxes\Data Management Tools.tbx\CalculateField" Date="20150714" Time="091058">CalculateField "LV Cable" SPINSTALLED "[SPINSTALLED] =01/01/1900" VB #</Process><Process ToolSource="D:\Program Files (x86)\ArcGIS\Desktop10.0\ArcToolbox\Toolboxes\Data Management Tools.tbx\CalculateField" Date="20151030" Time="140025">CalculateField "LV Cable" SPLICENCEAREA "SPM" VB #</Process><Process ToolSource="D:\Program Files (x86)\ArcGIS\Desktop10.0\ArcToolbox\Toolboxes\Data Management Tools.tbx\CalculateField" Date="20151203" Time="133959">CalculateField "LV Cable" SPLICENCEAREA "SPM" VB #</Process><Process ToolSource="D:\Program Files (x86)\ArcGIS\Desktop10.0\ArcToolbox\Toolboxes\Data Management Tools.tbx\CalculateField" Date="20151216" Time="153513">CalculateField "LV Cable" SPSTATUS "Out Of Use" VB #</Process><Process ToolSource="D:\Program Files (x86)\ArcGIS\Desktop10.0\ArcToolbox\Toolboxes\Data Management Tools.tbx\AddField" Date="20160205" Time="181404">AddField SPADMINxxx.sde\LVCable SPZONE TEXT # # 255 "SP Zone" NULLABLE NON_REQUIRED #</Process><Process ToolSource="D:\Program Files (x86)\ArcGIS\Desktop10.0\ArcToolbox\Toolboxes\Data Management Tools.tbx\AddField" Date="20160205" Time="181413">AddField SPADMINxxx.sde\LVCable PARENTGUID GUID # # 255 "Parent GUID" NULLABLE NON_REQUIRED #</Process><Process ToolSource="d:\program files (x86)\arcgis\desktop10.2\ArcToolbox\Toolboxes\Data Management Tools.tbx\AddField" Date="20180102" Time="131902">AddField "Database Connections\T_ESRIAP as spadmin.sde\EnergyNetworksFD\SPADMIN.LVCable" EDITREASON TEXT # # 5 "Edit Reason" NULLABLE NON_REQUIRED #</Process><Process ToolSource="d:\program files (x86)\arcgis\desktop10.2\ArcToolbox\Toolboxes\Data Management Tools.tbx\AddField" Date="20180102" Time="132020">AddField "Database Connections\T_ESRIAP as spadmin.sde\EnergyNetworksFD\SPADMIN.LVCable" PROJECTID TEXT # # 12 ProjectID NULLABLE NON_REQUIRED #</Process><Process ToolSource="d:\program files (x86)\arcgis\desktop10.2\ArcToolbox\Toolboxes\Data Management Tools.tbx\AddField" Date="20180102" Time="132134">AddField "Database Connections\T_ESRIAP as spadmin.sde\EnergyNetworksFD\SPADMIN.LVCable" SPCOMMISSIONDATE DATE # # 0 "Commission Date" NULLABLE NON_REQUIRED #</Process><Process ToolSource="d:\program files (x86)\arcgis\desktop10.2\ArcToolbox\Toolboxes\Data Management Tools.tbx\AddField" Date="20180102" Time="132223">AddField "Database Connections\T_ESRIAP as spadmin.sde\EnergyNetworksFD\SPADMIN.LVCable" TRU TEXT # # 10 "Technical Regulatory Unit" NULLABLE NON_REQUIRED #</Process><Process ToolSource="d:\program files (x86)\arcgis\desktop10.2\ArcToolbox\Toolboxes\Data Management Tools.tbx\AssignDomainToField" Date="20180102" Time="132355">AssignDomainToField "Database Connections\T_ESRIAP as spadmin.sde\EnergyNetworksFD\SPADMIN.LVCable" EDITREASON EditReason #</Process><Process ToolSource="d:\program files (x86)\arcgis\desktop10.2\ArcToolbox\Toolboxes\Data Management Tools.tbx\AssignDomainToField" Date="20180102" Time="132359">AssignDomainToField "Database Connections\T_ESRIAP as spadmin.sde\EnergyNetworksFD\SPADMIN.LVCable" EDITREASON EditReason '1: LV Cable Phase One';'2: LV Cable Phase Two';'3: LV Cable Phase Three'</Process><Process ToolSource="d:\program files (x86)\arcgis\desktop10.2\ArcToolbox\Toolboxes\Data Management Tools.tbx\AssignDomainToField" Date="20180102" Time="132647">AssignDomainToField "Database Connections\T_ESRIAP as spadmin.sde\EnergyNetworksFD\SPADMIN.LVCable" TRU "TRU LVCable" #</Process><Process ToolSource="d:\program files (x86)\arcgis\desktop10.2\ArcToolbox\Toolboxes\Data Management Tools.tbx\AssignDomainToField" Date="20180102" Time="132651">AssignDomainToField "Database Connections\T_ESRIAP as spadmin.sde\EnergyNetworksFD\SPADMIN.LVCable" TRU "TRU LVCable" '1: LV Cable Phase One';'2: LV Cable Phase Two';'3: LV Cable Phase Three'</Process><Process ToolSource="d:\program files (x86)\arcgis\desktop10.2\ArcToolbox\Toolboxes\Data Management Tools.tbx\AssignDefaultToField" Date="20180102" Time="132758">AssignDefaultToField "Database Connections\T_ESRIAP as spadmin.sde\EnergyNetworksFD\SPADMIN.LVCable" SPSTATUS BD #</Process><Process ToolSource="d:\program files (x86)\arcgis\desktop10.2\ArcToolbox\Toolboxes\Data Management Tools.tbx\AssignDefaultToField" Date="20180102" Time="132759">AssignDefaultToField "Database Connections\T_ESRIAP as spadmin.sde\EnergyNetworksFD\SPADMIN.LVCable" SPSTATUS BD '1: LV Cable Phase One';'2: LV Cable Phase Two';'3: LV Cable Phase Three'</Process></lineage></DataProperties><SyncDate>20110825</SyncDate><SyncTime>15294600</SyncTime><ModDate>20110825</ModDate><ModTime>15294600</ModTime><ArcGISFormat>1.0</ArcGISFormat></Esri><idinfo><native Sync="TRUE">Microsoft Windows 2000 Version 5.2 (Build 3790) Service Pack 2; ESRI ArcCatalog 9.3.1.3500</native><descript><langdata Sync="TRUE">en</langdata><abstract>REQUIRED: A brief narrative summary of the data set.</abstract><purpose>REQUIRED: A summary of the intentions with which the data set was developed.</purpose></descript><citation><citeinfo><origin>REQUIRED: The name of an organization or individual that developed the data set.</origin><pubdate>REQUIRED: The date when the data set is published or otherwise made available for release.</pubdate><title Sync="TRUE">SPADMIN.LVCable</title><ftname Sync="TRUE">SPADMIN.LVCable</ftname><geoform Sync="TRUE">vector digital data</geoform><onlink Sync="TRUE">Server=GISNETP (spadmin); Service=sde:oracle10g:/;LOCAL=T_GISNETP; User=spadmin; Version=SDE.DEFAULT</onlink></citeinfo></citation><timeperd><current>REQUIRED: The basis on which the time period of content information is determined.</current><timeinfo><sngdate><caldate>REQUIRED: The year (and optionally month, or month and day) for which the data set corresponds to the ground.</caldate></sngdate></timeinfo></timeperd><status><progress>REQUIRED: The state of the data set.</progress><update>REQUIRED: The frequency with which changes and additions are made to the data set after the initial data set is completed.</update></status><spdom><bounding><westbc Sync="TRUE">-8.467484</westbc><eastbc Sync="TRUE">-0.604716</eastbc><northbc Sync="TRUE">56.456251</northbc><southbc Sync="TRUE">49.767057</southbc></bounding><lboundng><leftbc Sync="TRUE">0.000000</leftbc><rightbc Sync="TRUE">485998.917900</rightbc><bottombc Sync="TRUE">97.342000</bottombc><topbc Sync="TRUE">729332.684000</topbc></lboundng></spdom><keywords><theme><themekt>REQUIRED: Reference to a formally registered thesaurus or a similar authoritative source of theme keywords.</themekt><themekey>REQUIRED: Common-use word or phrase used to describe the subject of the data set.</themekey></theme></keywords><accconst>REQUIRED: Restrictions and legal prerequisites for accessing the data set.</accconst><useconst>REQUIRED: Restrictions and legal prerequisites for using the data set after access is granted.</useconst><natvform Sync="TRUE">SDE Feature Class</natvform></idinfo><dataIdInfo><envirDesc Sync="TRUE">Microsoft Windows 2000 Version 5.2 (Build 3790) Service Pack 2; ESRI ArcCatalog 9.3.1.3500</envirDesc><dataLang><languageCode Sync="TRUE" value="en"></languageCode></dataLang><idCitation><resTitle Sync="TRUE">SPADMIN.LVCable</resTitle><presForm><PresFormCd Sync="TRUE" value="005"></PresFormCd></presForm></idCitation><spatRpType><SpatRepTypCd Sync="TRUE" value="001"></SpatRepTypCd></spatRpType><dataExt><geoEle><GeoBndBox esriExtentType="native"><westBL Sync="TRUE">0</westBL><eastBL Sync="TRUE">485998.9179</eastBL><northBL Sync="TRUE">729332.684</northBL><southBL Sync="TRUE">97.342</southBL><exTypeCode Sync="TRUE">1</exTypeCode></GeoBndBox></geoEle></dataExt><geoBox esriExtentType="decdegrees"><westBL Sync="TRUE">-8.467484</westBL><eastBL Sync="TRUE">-0.604716</eastBL><northBL Sync="TRUE">56.456251</northBL><southBL Sync="TRUE">49.767057</southBL><exTypeCode Sync="TRUE">1</exTypeCode></geoBox></dataIdInfo><metainfo><langmeta Sync="TRUE">en</langmeta><metstdn Sync="TRUE">FGDC Content Standards for Digital Geospatial Metadata</metstdn><metstdv Sync="TRUE">FGDC-STD-001-1998</metstdv><mettc Sync="TRUE">local time</mettc><metc><cntinfo><cntorgp><cntper>REQUIRED: The person responsible for the metadata information.</cntper><cntorg>REQUIRED: The organization responsible for the metadata information.</cntorg></cntorgp><cntaddr><addrtype>REQUIRED: The mailing and/or physical address for the organization or individual.</addrtype><city>REQUIRED: The city of the address.</city><state>REQUIRED: The state or province of the address.</state><postal>REQUIRED: The ZIP or other postal code of the address.</postal></cntaddr><cntvoice>REQUIRED: The telephone number by which individuals can speak to the organization or individual.</cntvoice></cntinfo></metc><metd Sync="TRUE">20110825</metd><metextns><onlink Sync="TRUE">http://www.esri.com/metadata/esriprof80.html</onlink><metprof Sync="TRUE">ESRI Metadata Profile</metprof></metextns></metainfo><mdLang><languageCode Sync="TRUE" value="en"></languageCode></mdLang><mdStanName Sync="TRUE">ISO 19115 Geographic Information - Metadata</mdStanName><mdStanVer Sync="TRUE">DIS_ESRI1.0</mdStanVer><mdChar><CharSetCd Sync="TRUE" value="004"></CharSetCd></mdChar><mdHrLv><ScopeCd Sync="TRUE" value="005"></ScopeCd></mdHrLv><mdHrLvName Sync="TRUE">dataset</mdHrLvName><distinfo><resdesc Sync="TRUE">Downloadable Data</resdesc></distinfo><distInfo><distributor><distorTran><onLineSrc><orDesc Sync="TRUE">002</orDesc><linkage Sync="TRUE">Server=GISNETP (spadmin); Service=sde:oracle10g:/;LOCAL=T_GISNETP; User=spadmin; Version=SDE.DEFAULT</linkage><protocol Sync="TRUE">ArcSDE Connection</protocol></onLineSrc></distorTran><distorFormat><formatName Sync="TRUE">SDE Feature Class</formatName></distorFormat></distributor></distInfo><spdoinfo><direct Sync="TRUE">Vector</direct><ptvctinf><esriterm Name="SPADMIN.LVCable"><efeatyp Sync="TRUE">Complex Edge</efeatyp><efeageom Sync="TRUE">Polyline</efeageom><esritopo Sync="TRUE">TRUE</esritopo><efeacnt Sync="TRUE">4203726</efeacnt><spindex Sync="TRUE">TRUE</spindex><linrefer Sync="TRUE">FALSE</linrefer><netwrole Sync="TRUE">None</netwrole></esriterm><sdtsterm Name="SPADMIN.LVCable"><sdtstype Sync="TRUE">String</sdtstype><ptvctcnt Sync="TRUE">4203726</ptvctcnt></sdtsterm></ptvctinf></spdoinfo><spref><horizsys><cordsysn><geogcsn Sync="TRUE">GCS_OSGB_1936</geogcsn><projcsn Sync="TRUE">British_National_Grid</projcsn></cordsysn><planar><planci><plance Sync="TRUE">coordinate pair</plance><plandu Sync="TRUE">meters</plandu><coordrep><absres Sync="TRUE">0.000100</absres><ordres Sync="TRUE">0.000100</ordres></coordrep></planci><mapproj><mapprojn Sync="TRUE">Transverse Mercator</mapprojn><transmer><sfctrmer Sync="TRUE">0.999601</sfctrmer><longcm Sync="TRUE">-2.000000</longcm><latprjo Sync="TRUE">49.000000</latprjo><feast Sync="TRUE">400000.000000</feast><fnorth Sync="TRUE">-100000.000000</fnorth></transmer></mapproj></planar><geodetic><horizdn Sync="TRUE">D_OSGB_1936</horizdn><ellips Sync="TRUE">Airy_1830</ellips><semiaxis Sync="TRUE">6377563.396000</semiaxis><denflat Sync="TRUE">299.324965</denflat></geodetic></horizsys><vertdef><altsys><altenc Sync="TRUE">Explicit elevation coordinate included with horizontal coordinates</altenc><altres Sync="TRUE">1.000000</altres></altsys></vertdef></spref><refSysInfo><RefSystem><refSysID><identCode Sync="TRUE">British_National_Grid</identCode></refSysID></RefSystem></refSysInfo><spatRepInfo><VectSpatRep><topLvl><TopoLevCd Sync="TRUE" value="002"></TopoLevCd></topLvl><geometObjs Name="SPADMIN.LVCable"><geoObjTyp><GeoObjTypCd Sync="TRUE" value="001"></GeoObjTypCd></geoObjTyp><geoObjCnt Sync="TRUE">4203726</geoObjCnt></geometObjs></VectSpatRep></spatRepInfo><eainfo><detailed Name="SPADMIN.LVCable"><enttyp><enttypl Sync="TRUE">SPADMIN.LVCable</enttypl><enttypt Sync="TRUE">Feature Class</enttypt><enttypc Sync="TRUE">4203726</enttypc></enttyp><attr><attrlabl Sync="TRUE">OBJECTID</attrlabl><attalias Sync="TRUE">OBJECTID</attalias><attrtype Sync="TRUE">OID</attrtype><attwidth Sync="TRUE">4</attwidth><atprecis Sync="TRUE">10</atprecis><attscale Sync="TRUE">0</attscale><attrdef Sync="TRUE">Internal feature number.</attrdef><attrdefs Sync="TRUE">ESRI</attrdefs><attrdomv><udom Sync="TRUE">Sequential unique whole numbers that are automatically generated.</udom></attrdomv></attr><attr><attrlabl Sync="TRUE">ENABLED</attrlabl><attalias Sync="TRUE">ENABLED</attalias><attrtype Sync="TRUE">SmallInteger</attrtype><attwidth Sync="TRUE">2</attwidth><atprecis Sync="TRUE">5</atprecis><attscale Sync="TRUE">0</attscale></attr><attr><attrlabl Sync="TRUE">CREATIONUSER</attrlabl><attalias Sync="TRUE">Creation User</attalias><attrtype Sync="TRUE">String</attrtype><attwidth Sync="TRUE">50</attwidth><atprecis Sync="TRUE">0</atprecis><attscale Sync="TRUE">0</attscale></attr><attr><attrlabl Sync="TRUE">DATECREATED</attrlabl><attalias Sync="TRUE">Date Created</attalias><attrtype Sync="TRUE">Date</attrtype><attwidth Sync="TRUE">36</attwidth><atprecis Sync="TRUE">0</atprecis><attscale Sync="TRUE">0</attscale></attr><attr><attrlabl Sync="TRUE">DATEMODIFIED</attrlabl><attalias Sync="TRUE">Date Modified</attalias><attrtype Sync="TRUE">Date</attrtype><attwidth Sync="TRUE">36</attwidth><atprecis Sync="TRUE">0</atprecis><attscale Sync="TRUE">0</attscale></attr><attr><attrlabl Sync="TRUE">LASTUSER</attrlabl><attalias Sync="TRUE">Last User</attalias><attrtype Sync="TRUE">String</attrtype><attwidth Sync="TRUE">50</attwidth><atprecis Sync="TRUE">0</atprecis><attscale Sync="TRUE">0</attscale></attr><attr><attrlabl Sync="TRUE">GLOBALID</attrlabl><attalias Sync="TRUE">GlobalID</attalias><attrtype Sync="TRUE">GlobalID</attrtype><attwidth Sync="TRUE">38</attwidth><atprecis Sync="TRUE">0</atprecis><attscale Sync="TRUE">0</attscale></attr><attr><attrlabl Sync="TRUE">MEASUREDLENGTH</attrlabl><attalias Sync="TRUE">Measured Length</attalias><attrtype Sync="TRUE">Double</attrtype><attwidth Sync="TRUE">8</attwidth><atprecis Sync="TRUE">38</atprecis><attscale Sync="TRUE">8</attscale></attr><attr><attrlabl Sync="TRUE">SPLABELHIDE</attrlabl><attalias Sync="TRUE">Hide Label</attalias><attrtype Sync="TRUE">SmallInteger</attrtype><attwidth Sync="TRUE">2</attwidth><atprecis Sync="TRUE">5</atprecis><attscale Sync="TRUE">0</attscale></attr><attr><attrlabl Sync="TRUE">PARENTCIRCUITSOURCEID</attrlabl><attalias Sync="TRUE">Parent Circuit Source ID</attalias><attrtype Sync="TRUE">Integer</attrtype><attwidth Sync="TRUE">4</attwidth><atprecis Sync="TRUE">10</atprecis><attscale Sync="TRUE">0</attscale></attr><attr><attrlabl Sync="TRUE">SPOBJECT</attrlabl><attalias Sync="TRUE">ENID</attalias><attrtype Sync="TRUE">Integer</attrtype><attwidth Sync="TRUE">4</attwidth><atprecis Sync="TRUE">10</atprecis><attscale Sync="TRUE">0</attscale></attr><attr><attrlabl Sync="TRUE">PHASEDESIGNATION</attrlabl><attalias Sync="TRUE">Phase Designation</attalias><attrtype Sync="TRUE">Integer</attrtype><attwidth Sync="TRUE">4</attwidth><atprecis Sync="TRUE">10</atprecis><attscale Sync="TRUE">0</attscale></attr><attr><attrlabl Sync="TRUE">FEEDERID</attrlabl><attalias Sync="TRUE">Feeder ID</attalias><attrtype Sync="TRUE">String</attrtype><attwidth Sync="TRUE">20</attwidth><atprecis Sync="TRUE">0</atprecis><attscale Sync="TRUE">0</attscale></attr><attr><attrlabl Sync="TRUE">FEEDERID2</attrlabl><attalias Sync="TRUE">Feeder ID 2</attalias><attrtype Sync="TRUE">String</attrtype><attwidth Sync="TRUE">20</attwidth><atprecis Sync="TRUE">0</atprecis><attscale Sync="TRUE">0</attscale></attr><attr><attrlabl Sync="TRUE">ELECTRICTRACEWEIGHT</attrlabl><attalias Sync="TRUE">Electric Trace Weight</attalias><attrtype Sync="TRUE">Integer</attrtype><attwidth Sync="TRUE">4</attwidth><atprecis Sync="TRUE">10</atprecis><attscale Sync="TRUE">0</attscale></attr><attr><attrlabl Sync="TRUE">FEEDERINFO</attrlabl><attalias Sync="TRUE">Feeder Information</attalias><attrtype Sync="TRUE">Integer</attrtype><attwidth Sync="TRUE">4</attwidth><atprecis Sync="TRUE">10</atprecis><attscale Sync="TRUE">0</attscale></attr><attr><attrlabl Sync="TRUE">CONDUCTORSIZE</attrlabl><attalias Sync="TRUE">Conductor Size</attalias><attrtype Sync="TRUE">String</attrtype><attwidth Sync="TRUE">5</attwidth><atprecis Sync="TRUE">0</atprecis><attscale Sync="TRUE">0</attscale></attr><attr><attrlabl Sync="TRUE">INSULATIONTYPE</attrlabl><attalias Sync="TRUE">Insulation Type</attalias><attrtype Sync="TRUE">String</attrtype><attwidth Sync="TRUE">5</attwidth><atprecis Sync="TRUE">0</atprecis><attscale Sync="TRUE">0</attscale></attr><attr><attrlabl Sync="TRUE">NEUTRALMATERIAL</attrlabl><attalias Sync="TRUE">Neutral Material</attalias><attrtype Sync="TRUE">String</attrtype><attwidth Sync="TRUE">5</attwidth><atprecis Sync="TRUE">0</atprecis><attscale Sync="TRUE">0</attscale></attr><attr><attrlabl Sync="TRUE">NEUTRALSIZE</attrlabl><attalias Sync="TRUE">Neutral Size</attalias><attrtype Sync="TRUE">String</attrtype><attwidth Sync="TRUE">5</attwidth><atprecis Sync="TRUE">0</atprecis><attscale Sync="TRUE">0</attscale></attr><attr><attrlabl Sync="TRUE">NUMBERCONDUCTORSPERPHASE</attrlabl><attalias Sync="TRUE">Number of Conductors per Phase</attalias><attrtype Sync="TRUE">Integer</attrtype><attwidth Sync="TRUE">4</attwidth><atprecis Sync="TRUE">10</atprecis><attscale Sync="TRUE">0</attscale></attr><attr><attrlabl Sync="TRUE">LABELTEXT</attrlabl><attalias Sync="TRUE">Label Text</attalias><attrtype Sync="TRUE">String</attrtype><attwidth Sync="TRUE">100</attwidth><atprecis Sync="TRUE">0</atprecis><attscale Sync="TRUE">0</attscale></attr><attr><attrlabl Sync="TRUE">SPINSTALLED</attrlabl><attalias Sync="TRUE">Installation Date</attalias><attrtype Sync="TRUE">Date</attrtype><attwidth Sync="TRUE">36</attwidth><atprecis Sync="TRUE">0</atprecis><attscale Sync="TRUE">0</attscale></attr><attr><attrlabl Sync="TRUE">SPINSTALLEDBY</attrlabl><attalias Sync="TRUE">Installed By</attalias><attrtype Sync="TRUE">String</attrtype><attwidth Sync="TRUE">25</attwidth><atprecis Sync="TRUE">0</atprecis><attscale Sync="TRUE">0</attscale></attr><attr><attrlabl Sync="TRUE">SPNUMOFPHASES</attrlabl><attalias Sync="TRUE">Number of Phases</attalias><attrtype Sync="TRUE">Integer</attrtype><attwidth Sync="TRUE">4</attwidth><atprecis Sync="TRUE">9</atprecis><attscale Sync="TRUE">0</attscale></attr><attr><attrlabl Sync="TRUE">SPOWNEDBY</attrlabl><attalias Sync="TRUE">Owned By</attalias><attrtype Sync="TRUE">String</attrtype><attwidth Sync="TRUE">255</attwidth><atprecis Sync="TRUE">0</atprecis><attscale Sync="TRUE">0</attscale></attr><attr><attrlabl Sync="TRUE">SPTRANSREF</attrlabl><attalias Sync="TRUE">Transmission Reference</attalias><attrtype Sync="TRUE">String</attrtype><attwidth Sync="TRUE">255</attwidth><atprecis Sync="TRUE">0</atprecis><attscale Sync="TRUE">0</attscale></attr><attr><attrlabl Sync="TRUE">SPASSUMEDATTR</attrlabl><attalias Sync="TRUE">Assumed attribute</attalias><attrtype Sync="TRUE">String</attrtype><attwidth Sync="TRUE">1</attwidth><atprecis Sync="TRUE">0</atprecis><attscale Sync="TRUE">0</attscale></attr><attr><attrlabl Sync="TRUE">SPSTATUS</attrlabl><attalias Sync="TRUE">Status</attalias><attrtype Sync="TRUE">String</attrtype><attwidth Sync="TRUE">2</attwidth><atprecis Sync="TRUE">0</atprecis><attscale Sync="TRUE">0</attscale></attr><attr><attrlabl Sync="TRUE">SPACTIVITYCODE</attrlabl><attalias Sync="TRUE">Activity Code</attalias><attrtype Sync="TRUE">String</attrtype><attwidth Sync="TRUE">15</attwidth><atprecis Sync="TRUE">0</atprecis><attscale Sync="TRUE">0</attscale></attr><attr><attrlabl Sync="TRUE">SPFINANCIALCODE</attrlabl><attalias Sync="TRUE">Financial Code</attalias><attrtype Sync="TRUE">String</attrtype><attwidth Sync="TRUE">15</attwidth><atprecis Sync="TRUE">0</atprecis><attscale Sync="TRUE">0</attscale></attr><attr><attrlabl Sync="TRUE">SPFNAME</attrlabl><attalias Sync="TRUE">FName</attalias><attrtype Sync="TRUE">Integer</attrtype><attwidth Sync="TRUE">4</attwidth><atprecis Sync="TRUE">9</atprecis><attscale Sync="TRUE">0</attscale></attr><attr><attrlabl Sync="TRUE">SPLNAME</attrlabl><attalias Sync="TRUE">LName</attalias><attrtype Sync="TRUE">Integer</attrtype><attwidth Sync="TRUE">4</attwidth><atprecis Sync="TRUE">9</atprecis><attscale Sync="TRUE">0</attscale></attr><attr><attrlabl Sync="TRUE">CONDUCTORMATERIAL</attrlabl><attalias Sync="TRUE">Conductor Material</attalias><attrtype Sync="TRUE">String</attrtype><attwidth Sync="TRUE">2</attwidth><atprecis Sync="TRUE">0</atprecis><attscale Sync="TRUE">0</attscale></attr><attr><attrlabl Sync="TRUE">SPARMOURING</attrlabl><attalias Sync="TRUE">Armouring</attalias><attrtype Sync="TRUE">String</attrtype><attwidth Sync="TRUE">2</attwidth><atprecis Sync="TRUE">0</atprecis><attscale Sync="TRUE">0</attscale></attr><attr><attrlabl Sync="TRUE">SPBUNCHEDPHASINGCOLOUR</attrlabl><attalias Sync="TRUE">Bunched Phasing Colour</attalias><attrtype Sync="TRUE">String</attrtype><attwidth Sync="TRUE">255</attwidth><atprecis Sync="TRUE">0</atprecis><attscale Sync="TRUE">0</attscale></attr><attr><attrlabl Sync="TRUE">SPDECOMMISSIONDATE</attrlabl><attalias Sync="TRUE">Decommission Date</attalias><attrtype Sync="TRUE">Date</attrtype><attwidth Sync="TRUE">36</attwidth><atprecis Sync="TRUE">0</atprecis><attscale Sync="TRUE">0</attscale></attr><attr><attrlabl Sync="TRUE">SPCONSTRUCTIONTYPE</attrlabl><attalias Sync="TRUE">Construction Type</attalias><attrtype Sync="TRUE">String</attrtype><attwidth Sync="TRUE">8</attwidth><atprecis Sync="TRUE">0</atprecis><attscale Sync="TRUE">0</attscale></attr><attr><attrlabl Sync="TRUE">SPCABLENUMOFCONDS</attrlabl><attalias Sync="TRUE">Cable Number of Conductors</attalias><attrtype Sync="TRUE">String</attrtype><attwidth Sync="TRUE">4</attwidth><atprecis Sync="TRUE">0</atprecis><attscale Sync="TRUE">0</attscale></attr><attr><attrlabl Sync="TRUE">OPERATINGVOLTAGE</attrlabl><attalias Sync="TRUE">Operating Voltage</attalias><attrtype Sync="TRUE">Integer</attrtype><attwidth Sync="TRUE">4</attwidth><atprecis Sync="TRUE">10</atprecis><attscale Sync="TRUE">0</attscale></attr><attr><attrlabl Sync="TRUE">SUBTYPECD</attrlabl><attalias Sync="TRUE">Subtype</attalias><attrtype Sync="TRUE">Integer</attrtype><attwidth Sync="TRUE">4</attwidth><atprecis Sync="TRUE">10</atprecis><attscale Sync="TRUE">0</attscale></attr><attr><attrlabl Sync="TRUE">SPMAINORSERVICE</attrlabl><attalias Sync="TRUE">Main or Service Indicator</attalias><attrtype Sync="TRUE">String</attrtype><attwidth Sync="TRUE">1</attwidth><atprecis Sync="TRUE">0</atprecis><attscale Sync="TRUE">0</attscale></attr><attr><attrlabl Sync="TRUE">SPDESIGNVOLT</attrlabl><attalias Sync="TRUE">Design Voltage</attalias><attrtype Sync="TRUE">Integer</attrtype><attwidth Sync="TRUE">4</attwidth><atprecis Sync="TRUE">10</atprecis><attscale Sync="TRUE">0</attscale></attr><attr><attrlabl Sync="TRUE">SPXSECTAREA</attrlabl><attalias Sync="TRUE">Cross Sectional Area</attalias><attrtype Sync="TRUE">String</attrtype><attwidth Sync="TRUE">8</attwidth><atprecis Sync="TRUE">0</atprecis><attscale Sync="TRUE">0</attscale></attr><attr><attrlabl Sync="TRUE">SHAPE</attrlabl><attalias Sync="TRUE">Shape</attalias><attrtype Sync="TRUE">Geometry</attrtype><attwidth Sync="TRUE">4</attwidth><atprecis Sync="TRUE">0</atprecis><attscale Sync="TRUE">0</attscale><attrdef Sync="TRUE">Feature geometry.</attrdef><attrdefs Sync="TRUE">ESRI</attrdefs><attrdomv><udom Sync="TRUE">Coordinates defining the features.</udom></attrdomv></attr><attr><attrlabl Sync="TRUE">GND_SYMBOL</attrlabl><attalias Sync="TRUE">GND_SYMBOL</attalias><attrtype Sync="TRUE">Integer</attrtype><attwidth Sync="TRUE">4</attwidth><atprecis Sync="TRUE">10</atprecis><attscale Sync="TRUE">0</attscale></attr><attr><attrlabl Sync="TRUE">GND_SHAPE</attrlabl><attalias Sync="TRUE">GND_SHAPE</attalias><attrtype Sync="TRUE">Blob</attrtype><attwidth Sync="TRUE">0</attwidth><atprecis Sync="TRUE">0</atprecis><attscale Sync="TRUE">0</attscale></attr><attr><attrlabl Sync="TRUE">SHAPE.LEN</attrlabl><attalias Sync="TRUE">SHAPE.LEN</attalias><attrtype Sync="TRUE">Double</attrtype><attwidth Sync="TRUE">0</attwidth><atprecis Sync="TRUE">0</atprecis><attscale Sync="TRUE">0</attscale></attr><subtype><stname Sync="TRUE">LV Cable Phase One</stname><stcode Sync="TRUE">1</stcode><stfield><stfldnm Sync="TRUE">ENABLED</stfldnm><stflddv Sync="TRUE">1</stflddv><stflddd><domname Sync="TRUE">EnabledDomain</domname><domdesc Sync="TRUE"></domdesc><domtype Sync="TRUE">Coded Value</domtype><mrgtype Sync="TRUE">Default value</mrgtype><splttype Sync="TRUE">Duplicate</splttype><domowner Sync="TRUE">SPADMIN</domowner><domfldtp Sync="TRUE">SmallInteger</domfldtp></stflddd></stfield><stfield><stfldnm Sync="TRUE">MEASUREDLENGTH</stfldnm><stflddd><domname Sync="TRUE">Measured Length</domname><domdesc Sync="TRUE"></domdesc><domtype Sync="TRUE">Range</domtype><mrgtype Sync="TRUE">Default value</mrgtype><splttype Sync="TRUE">Geometry ratio</splttype><domowner Sync="TRUE">SPADMIN</domowner><domfldtp Sync="TRUE">Double</domfldtp></stflddd></stfield><stfield><stfldnm Sync="TRUE">SPLABELHIDE</stfldnm><stflddv Sync="TRUE">0</stflddv><stflddd><domname Sync="TRUE">Label Hide</domname><domdesc Sync="TRUE"></domdesc><domtype Sync="TRUE">Coded Value</domtype><mrgtype Sync="TRUE">Default value</mrgtype><splttype Sync="TRUE">Duplicate</splttype><domowner Sync="TRUE">SPADMIN</domowner><domfldtp Sync="TRUE">SmallInteger</domfldtp></stflddd></stfield><stfield><stfldnm Sync="TRUE">PHASEDESIGNATION</stfldnm><stflddv Sync="TRUE">4</stflddv><stflddd><domname Sync="TRUE">Single Phase</domname><domdesc Sync="TRUE"></domdesc><domtype Sync="TRUE">Coded Value</domtype><mrgtype Sync="TRUE">Default value</mrgtype><splttype Sync="TRUE">Duplicate</splttype><domowner Sync="TRUE">SPADMIN</domowner><domfldtp Sync="TRUE">Integer</domfldtp></stflddd></stfield><stfield><stfldnm Sync="TRUE">CONDUCTORSIZE</stfldnm><stflddd><domname Sync="TRUE">Conductor Size</domname><domdesc Sync="TRUE"></domdesc><domtype Sync="TRUE">Coded Value</domtype><mrgtype Sync="TRUE">Default value</mrgtype><splttype Sync="TRUE">Duplicate</splttype><domowner Sync="TRUE">SPADMIN</domowner><domfldtp Sync="TRUE">String</domfldtp></stflddd></stfield><stfield><stfldnm Sync="TRUE">NEUTRALMATERIAL</stfldnm><stflddd><domname Sync="TRUE">Neutral Material</domname><domdesc Sync="TRUE"></domdesc><domtype Sync="TRUE">Coded Value</domtype><mrgtype Sync="TRUE">Default value</mrgtype><splttype Sync="TRUE">Duplicate</splttype><domowner Sync="TRUE">SPADMIN</domowner><domfldtp Sync="TRUE">String</domfldtp></stflddd></stfield><stfield><stfldnm Sync="TRUE">NEUTRALSIZE</stfldnm><stflddd><domname Sync="TRUE">Neutral Size</domname><domdesc Sync="TRUE"></domdesc><domtype Sync="TRUE">Coded Value</domtype><mrgtype Sync="TRUE">Default value</mrgtype><splttype Sync="TRUE">Duplicate</splttype><domowner Sync="TRUE">SPADMIN</domowner><domfldtp Sync="TRUE">String</domfldtp></stflddd></stfield><stfield><stfldnm Sync="TRUE">NUMBERCONDUCTORSPERPHASE</stfldnm><stflddv Sync="TRUE">1</stflddv><stflddd><domname Sync="TRUE">Number of Conductors/Phase</domname><domdesc Sync="TRUE"></domdesc><domtype Sync="TRUE">Range</domtype><mrgtype Sync="TRUE">Default value</mrgtype><splttype Sync="TRUE">Duplicate</splttype><domowner Sync="TRUE">SPADMIN</domowner><domfldtp Sync="TRUE">Integer</domfldtp></stflddd></stfield><stfield><stfldnm Sync="TRUE">SPINSTALLEDBY</stfldnm><stflddv Sync="TRUE">ScottishPower</stflddv></stfield><stfield><stfldnm Sync="TRUE">SPNUMOFPHASES</stfldnm><stflddv Sync="TRUE">3</stflddv><stflddd><domname Sync="TRUE">Number of Phases</domname><domdesc Sync="TRUE"></domdesc><domtype Sync="TRUE">Range</domtype><mrgtype Sync="TRUE">Default value</mrgtype><splttype Sync="TRUE">Duplicate</splttype><domowner Sync="TRUE">SPADMIN</domowner><domfldtp Sync="TRUE">Integer</domfldtp></stflddd></stfield><stfield><stfldnm Sync="TRUE">SPOWNEDBY</stfldnm><stflddv Sync="TRUE">ScottishPower</stflddv></stfield><stfield><stfldnm Sync="TRUE">SPASSUMEDATTR</stfldnm><stflddv Sync="TRUE">N</stflddv><stflddd><domname Sync="TRUE">Yes/No Indicator</domname><domdesc Sync="TRUE"></domdesc><domtype Sync="TRUE">Coded Value</domtype><mrgtype Sync="TRUE">Default value</mrgtype><splttype Sync="TRUE">Duplicate</splttype><domowner Sync="TRUE">SPADMIN</domowner><domfldtp Sync="TRUE">String</domfldtp></stflddd></stfield><stfield><stfldnm Sync="TRUE">SPSTATUS</stfldnm><stflddv Sync="TRUE">EX</stflddv><stflddd><domname Sync="TRUE">Network Status</domname><domdesc Sync="TRUE"></domdesc><domtype Sync="TRUE">Coded Value</domtype><mrgtype Sync="TRUE">Default value</mrgtype><splttype Sync="TRUE">Duplicate</splttype><domowner Sync="TRUE">SPADMIN</domowner><domfldtp Sync="TRUE">String</domfldtp></stflddd></stfield><stfield><stfldnm Sync="TRUE">SPACTIVITYCODE</stfldnm><stflddd><domname Sync="TRUE">Activity Code</domname><domdesc Sync="TRUE"></domdesc><domtype Sync="TRUE">Coded Value</domtype><mrgtype Sync="TRUE">Default value</mrgtype><splttype Sync="TRUE">Duplicate</splttype><domowner Sync="TRUE">SPADMIN</domowner><domfldtp Sync="TRUE">String</domfldtp></stflddd></stfield><stfield><stfldnm Sync="TRUE">SPFINANCIALCODE</stfldnm><stflddd><domname Sync="TRUE">Financial Code</domname><domdesc Sync="TRUE"></domdesc><domtype Sync="TRUE">Coded Value</domtype><mrgtype Sync="TRUE">Default value</mrgtype><splttype Sync="TRUE">Duplicate</splttype><domowner Sync="TRUE">SPADMIN</domowner><domfldtp Sync="TRUE">String</domfldtp></stflddd></stfield><stfield><stfldnm Sync="TRUE">CONDUCTORMATERIAL</stfldnm><stflddv Sync="TRUE">AL</stflddv><stflddd><domname Sync="TRUE">Cable Conductor Material</domname><domdesc Sync="TRUE"></domdesc><domtype Sync="TRUE">Coded Value</domtype><mrgtype Sync="TRUE">Default value</mrgtype><splttype Sync="TRUE">Duplicate</splttype><domowner Sync="TRUE">SPADMIN</domowner><domfldtp Sync="TRUE">String</domfldtp></stflddd></stfield><stfield><stfldnm Sync="TRUE">SPARMOURING</stfldnm><stflddd><domname Sync="TRUE">Cable Armouring</domname><domdesc Sync="TRUE"></domdesc><domtype Sync="TRUE">Coded Value</domtype><mrgtype Sync="TRUE">Default value</mrgtype><splttype Sync="TRUE">Duplicate</splttype><domowner Sync="TRUE">SPADMIN</domowner><domfldtp Sync="TRUE">String</domfldtp></stflddd></stfield><stfield><stfldnm Sync="TRUE">SPBUNCHEDPHASINGCOLOUR</stfldnm><stflddd><domname Sync="TRUE">Bunched Phasing Colours</domname><domdesc Sync="TRUE"></domdesc><domtype Sync="TRUE">Coded Value</domtype><mrgtype Sync="TRUE">Default value</mrgtype><splttype Sync="TRUE">Duplicate</splttype><domowner Sync="TRUE">SPADMIN</domowner><domfldtp Sync="TRUE">String</domfldtp></stflddd></stfield><stfield><stfldnm Sync="TRUE">SPCONSTRUCTIONTYPE</stfldnm><stflddd><domname Sync="TRUE">Cable Construction Type</domname><domdesc Sync="TRUE"></domdesc><domtype Sync="TRUE">Coded Value</domtype><mrgtype Sync="TRUE">Default value</mrgtype><splttype Sync="TRUE">Duplicate</splttype><domowner Sync="TRUE">SPADMIN</domowner><domfldtp Sync="TRUE">String</domfldtp></stflddd></stfield><stfield><stfldnm Sync="TRUE">SPCABLENUMOFCONDS</stfldnm><stflddv Sync="TRUE">3</stflddv><stflddd><domname Sync="TRUE">Cable Number of Conductors</domname><domdesc Sync="TRUE"></domdesc><domtype Sync="TRUE">Coded Value</domtype><mrgtype Sync="TRUE">Default value</mrgtype><splttype Sync="TRUE">Duplicate</splttype><domowner Sync="TRUE">SPADMIN</domowner><domfldtp Sync="TRUE">String</domfldtp></stflddd></stfield><stfield><stfldnm Sync="TRUE">OPERATINGVOLTAGE</stfldnm><stflddv Sync="TRUE">230</stflddv><stflddd><domname Sync="TRUE">LV Operating Voltage</domname><domdesc Sync="TRUE"></domdesc><domtype Sync="TRUE">Coded Value</domtype><mrgtype Sync="TRUE">Default value</mrgtype><splttype Sync="TRUE">Duplicate</splttype><domowner Sync="TRUE">SPADMIN</domowner><domfldtp Sync="TRUE">Integer</domfldtp></stflddd></stfield><stfield><stfldnm Sync="TRUE">SUBTYPECD</stfldnm><stflddv Sync="TRUE">1</stflddv></stfield><stfield><stfldnm Sync="TRUE">SPMAINORSERVICE</stfldnm><stflddv Sync="TRUE">M</stflddv><stflddd><domname Sync="TRUE">Cable Main or Service Indicator</domname><domdesc Sync="TRUE"></domdesc><domtype Sync="TRUE">Coded Value</domtype><mrgtype Sync="TRUE">Default value</mrgtype><splttype Sync="TRUE">Duplicate</splttype><domowner Sync="TRUE">SPADMIN</domowner><domfldtp Sync="TRUE">String</domfldtp></stflddd></stfield><stfield><stfldnm Sync="TRUE">SPDESIGNVOLT</stfldnm><stflddv Sync="TRUE">230</stflddv><stflddd><domname Sync="TRUE">LV Design Voltage</domname><domdesc Sync="TRUE"></domdesc><domtype Sync="TRUE">Coded Value</domtype><mrgtype Sync="TRUE">Default value</mrgtype><splttype Sync="TRUE">Duplicate</splttype><domowner Sync="TRUE">SPADMIN</domowner><domfldtp Sync="TRUE">Integer</domfldtp></stflddd></stfield><stfield><stfldnm Sync="TRUE">SPXSECTAREA</stfldnm><stflddd><domname Sync="TRUE">Cable Cross Sectional Area</domname><domdesc Sync="TRUE"></domdesc><domtype Sync="TRUE">Coded Value</domtype><mrgtype Sync="TRUE">Default value</mrgtype><splttype Sync="TRUE">Duplicate</splttype><domowner Sync="TRUE">SPADMIN</domowner><domfldtp Sync="TRUE">String</domfldtp></stflddd></stfield><stfield><stfldnm Sync="TRUE">GND_SYMBOL</stfldnm><stflddv Sync="TRUE">1</stflddv></stfield></subtype><subtype><stname Sync="TRUE">LV Cable Phase Two</stname><stcode Sync="TRUE">2</stcode><stfield><stfldnm Sync="TRUE">ENABLED</stfldnm><stflddv Sync="TRUE">1</stflddv><stflddd><domname Sync="TRUE">EnabledDomain</domname><domdesc Sync="TRUE"></domdesc><domtype Sync="TRUE">Coded Value</domtype><mrgtype Sync="TRUE">Default value</mrgtype><splttype Sync="TRUE">Duplicate</splttype><domowner Sync="TRUE">SPADMIN</domowner><domfldtp Sync="TRUE">SmallInteger</domfldtp></stflddd></stfield><stfield><stfldnm Sync="TRUE">MEASUREDLENGTH</stfldnm><stflddd><domname Sync="TRUE">Measured Length</domname><domdesc Sync="TRUE"></domdesc><domtype Sync="TRUE">Range</domtype><mrgtype Sync="TRUE">Default value</mrgtype><splttype Sync="TRUE">Geometry ratio</splttype><domowner Sync="TRUE">SPADMIN</domowner><domfldtp Sync="TRUE">Double</domfldtp></stflddd></stfield><stfield><stfldnm Sync="TRUE">SPLABELHIDE</stfldnm><stflddv Sync="TRUE">0</stflddv><stflddd><domname Sync="TRUE">Label Hide</domname><domdesc Sync="TRUE"></domdesc><domtype Sync="TRUE">Coded Value</domtype><mrgtype Sync="TRUE">Default value</mrgtype><splttype Sync="TRUE">Duplicate</splttype><domowner Sync="TRUE">SPADMIN</domowner><domfldtp Sync="TRUE">SmallInteger</domfldtp></stflddd></stfield><stfield><stfldnm Sync="TRUE">PHASEDESIGNATION</stfldnm><stflddv Sync="TRUE">6</stflddv><stflddd><domname Sync="TRUE">Two Phase</domname><domdesc Sync="TRUE"></domdesc><domtype Sync="TRUE">Coded Value</domtype><mrgtype Sync="TRUE">Default value</mrgtype><splttype Sync="TRUE">Duplicate</splttype><domowner Sync="TRUE">SPADMIN</domowner><domfldtp Sync="TRUE">Integer</domfldtp></stflddd></stfield><stfield><stfldnm Sync="TRUE">CONDUCTORSIZE</stfldnm><stflddd><domname Sync="TRUE">Conductor Size</domname><domdesc Sync="TRUE"></domdesc><domtype Sync="TRUE">Coded Value</domtype><mrgtype Sync="TRUE">Default value</mrgtype><splttype Sync="TRUE">Duplicate</splttype><domowner Sync="TRUE">SPADMIN</domowner><domfldtp Sync="TRUE">String</domfldtp></stflddd></stfield><stfield><stfldnm Sync="TRUE">NEUTRALMATERIAL</stfldnm><stflddd><domname Sync="TRUE">Neutral Material</domname><domdesc Sync="TRUE"></domdesc><domtype Sync="TRUE">Coded Value</domtype><mrgtype Sync="TRUE">Default value</mrgtype><splttype Sync="TRUE">Duplicate</splttype><domowner Sync="TRUE">SPADMIN</domowner><domfldtp Sync="TRUE">String</domfldtp></stflddd></stfield><stfield><stfldnm Sync="TRUE">NEUTRALSIZE</stfldnm><stflddd><domname Sync="TRUE">Neutral Size</domname><domdesc Sync="TRUE"></domdesc><domtype Sync="TRUE">Coded Value</domtype><mrgtype Sync="TRUE">Default value</mrgtype><splttype Sync="TRUE">Duplicate</splttype><domowner Sync="TRUE">SPADMIN</domowner><domfldtp Sync="TRUE">String</domfldtp></stflddd></stfield><stfield><stfldnm Sync="TRUE">NUMBERCONDUCTORSPERPHASE</stfldnm><stflddv Sync="TRUE">1</stflddv><stflddd><domname Sync="TRUE">Number of Conductors/Phase</domname><domdesc Sync="TRUE"></domdesc><domtype Sync="TRUE">Range</domtype><mrgtype Sync="TRUE">Default value</mrgtype><splttype Sync="TRUE">Duplicate</splttype><domowner Sync="TRUE">SPADMIN</domowner><domfldtp Sync="TRUE">Integer</domfldtp></stflddd></stfield><stfield><stfldnm Sync="TRUE">SPINSTALLEDBY</stfldnm><stflddv Sync="TRUE">ScottishPower</stflddv></stfield><stfield><stfldnm Sync="TRUE">SPNUMOFPHASES</stfldnm><stflddv Sync="TRUE">3</stflddv><stflddd><domname Sync="TRUE">Number of Phases</domname><domdesc Sync="TRUE"></domdesc><domtype Sync="TRUE">Range</domtype><mrgtype Sync="TRUE">Default value</mrgtype><splttype Sync="TRUE">Duplicate</splttype><domowner Sync="TRUE">SPADMIN</domowner><domfldtp Sync="TRUE">Integer</domfldtp></stflddd></stfield><stfield><stfldnm Sync="TRUE">SPOWNEDBY</stfldnm><stflddv Sync="TRUE">ScottishPower</stflddv></stfield><stfield><stfldnm Sync="TRUE">SPASSUMEDATTR</stfldnm><stflddv Sync="TRUE">N</stflddv><stflddd><domname Sync="TRUE">Yes/No Indicator</domname><domdesc Sync="TRUE"></domdesc><domtype Sync="TRUE">Coded Value</domtype><mrgtype Sync="TRUE">Default value</mrgtype><splttype Sync="TRUE">Duplicate</splttype><domowner Sync="TRUE">SPADMIN</domowner><domfldtp Sync="TRUE">String</domfldtp></stflddd></stfield><stfield><stfldnm Sync="TRUE">SPSTATUS</stfldnm><stflddv Sync="TRUE">EX</stflddv><stflddd><domname Sync="TRUE">Network Status</domname><domdesc Sync="TRUE"></domdesc><domtype Sync="TRUE">Coded Value</domtype><mrgtype Sync="TRUE">Default value</mrgtype><splttype Sync="TRUE">Duplicate</splttype><domowner Sync="TRUE">SPADMIN</domowner><domfldtp Sync="TRUE">String</domfldtp></stflddd></stfield><stfield><stfldnm Sync="TRUE">SPACTIVITYCODE</stfldnm><stflddd><domname Sync="TRUE">Activity Code</domname><domdesc Sync="TRUE"></domdesc><domtype Sync="TRUE">Coded Value</domtype><mrgtype Sync="TRUE">Default value</mrgtype><splttype Sync="TRUE">Duplicate</splttype><domowner Sync="TRUE">SPADMIN</domowner><domfldtp Sync="TRUE">String</domfldtp></stflddd></stfield><stfield><stfldnm Sync="TRUE">SPFINANCIALCODE</stfldnm><stflddd><domname Sync="TRUE">Financial Code</domname><domdesc Sync="TRUE"></domdesc><domtype Sync="TRUE">Coded Value</domtype><mrgtype Sync="TRUE">Default value</mrgtype><splttype Sync="TRUE">Duplicate</splttype><domowner Sync="TRUE">SPADMIN</domowner><domfldtp Sync="TRUE">String</domfldtp></stflddd></stfield><stfield><stfldnm Sync="TRUE">CONDUCTORMATERIAL</stfldnm><stflddv Sync="TRUE">AL</stflddv><stflddd><domname Sync="TRUE">Cable Conductor Material</domname><domdesc Sync="TRUE"></domdesc><domtype Sync="TRUE">Coded Value</domtype><mrgtype Sync="TRUE">Default value</mrgtype><splttype Sync="TRUE">Duplicate</splttype><domowner Sync="TRUE">SPADMIN</domowner><domfldtp Sync="TRUE">String</domfldtp></stflddd></stfield><stfield><stfldnm Sync="TRUE">SPARMOURING</stfldnm><stflddd><domname Sync="TRUE">Cable Armouring</domname><domdesc Sync="TRUE"></domdesc><domtype Sync="TRUE">Coded Value</domtype><mrgtype Sync="TRUE">Default value</mrgtype><splttype Sync="TRUE">Duplicate</splttype><domowner Sync="TRUE">SPADMIN</domowner><domfldtp Sync="TRUE">String</domfldtp></stflddd></stfield><stfield><stfldnm Sync="TRUE">SPBUNCHEDPHASINGCOLOUR</stfldnm><stflddd><domname Sync="TRUE">Bunched Phasing Colours</domname><domdesc Sync="TRUE"></domdesc><domtype Sync="TRUE">Coded Value</domtype><mrgtype Sync="TRUE">Default value</mrgtype><splttype Sync="TRUE">Duplicate</splttype><domowner Sync="TRUE">SPADMIN</domowner><domfldtp Sync="TRUE">String</domfldtp></stflddd></stfield><stfield><stfldnm Sync="TRUE">SPCONSTRUCTIONTYPE</stfldnm><stflddd><domname Sync="TRUE">Cable Construction Type</domname><domdesc Sync="TRUE"></domdesc><domtype Sync="TRUE">Coded Value</domtype><mrgtype Sync="TRUE">Default value</mrgtype><splttype Sync="TRUE">Duplicate</splttype><domowner Sync="TRUE">SPADMIN</domowner><domfldtp Sync="TRUE">String</domfldtp></stflddd></stfield><stfield><stfldnm Sync="TRUE">SPCABLENUMOFCONDS</stfldnm><stflddv Sync="TRUE">3</stflddv><stflddd><domname Sync="TRUE">Cable Number of Conductors</domname><domdesc Sync="TRUE"></domdesc><domtype Sync="TRUE">Coded Value</domtype><mrgtype Sync="TRUE">Default value</mrgtype><splttype Sync="TRUE">Duplicate</splttype><domowner Sync="TRUE">SPADMIN</domowner><domfldtp Sync="TRUE">String</domfldtp></stflddd></stfield><stfield><stfldnm Sync="TRUE">OPERATINGVOLTAGE</stfldnm><stflddv Sync="TRUE">230</stflddv><stflddd><domname Sync="TRUE">LV Operating Voltage</domname><domdesc Sync="TRUE"></domdesc><domtype Sync="TRUE">Coded Value</domtype><mrgtype Sync="TRUE">Default value</mrgtype><splttype Sync="TRUE">Duplicate</splttype><domowner Sync="TRUE">SPADMIN</domowner><domfldtp Sync="TRUE">Integer</domfldtp></stflddd></stfield><stfield><stfldnm Sync="TRUE">SUBTYPECD</stfldnm><stflddv Sync="TRUE">2</stflddv></stfield><stfield><stfldnm Sync="TRUE">SPMAINORSERVICE</stfldnm><stflddv Sync="TRUE">M</stflddv><stflddd><domname Sync="TRUE">Cable Main or Service Indicator</domname><domdesc Sync="TRUE"></domdesc><domtype Sync="TRUE">Coded Value</domtype><mrgtype Sync="TRUE">Default value</mrgtype><splttype Sync="TRUE">Duplicate</splttype><domowner Sync="TRUE">SPADMIN</domowner><domfldtp Sync="TRUE">String</domfldtp></stflddd></stfield><stfield><stfldnm Sync="TRUE">SPDESIGNVOLT</stfldnm><stflddv Sync="TRUE">230</stflddv><stflddd><domname Sync="TRUE">LV Design Voltage</domname><domdesc Sync="TRUE"></domdesc><domtype Sync="TRUE">Coded Value</domtype><mrgtype Sync="TRUE">Default value</mrgtype><splttype Sync="TRUE">Duplicate</splttype><domowner Sync="TRUE">SPADMIN</domowner><domfldtp Sync="TRUE">Integer</domfldtp></stflddd></stfield><stfield><stfldnm Sync="TRUE">SPXSECTAREA</stfldnm><stflddd><domname Sync="TRUE">Cable Cross Sectional Area</domname><domdesc Sync="TRUE"></domdesc><domtype Sync="TRUE">Coded Value</domtype><mrgtype Sync="TRUE">Default value</mrgtype><splttype Sync="TRUE">Duplicate</splttype><domowner Sync="TRUE">SPADMIN</domowner><domfldtp Sync="TRUE">String</domfldtp></stflddd></stfield><stfield><stfldnm Sync="TRUE">GND_SYMBOL</stfldnm><stflddv Sync="TRUE">1</stflddv></stfield></subtype><subtype><stname Sync="TRUE">LV Cable Phase Three</stname><stcode Sync="TRUE">3</stcode><stfield><stfldnm Sync="TRUE">ENABLED</stfldnm><stflddv Sync="TRUE">1</stflddv><stflddd><domname Sync="TRUE">EnabledDomain</domname><domdesc Sync="TRUE"></domdesc><domtype Sync="TRUE">Coded Value</domtype><mrgtype Sync="TRUE">Default value</mrgtype><splttype Sync="TRUE">Duplicate</splttype><domowner Sync="TRUE">SPADMIN</domowner><domfldtp Sync="TRUE">SmallInteger</domfldtp></stflddd></stfield><stfield><stfldnm Sync="TRUE">MEASUREDLENGTH</stfldnm><stflddd><domname Sync="TRUE">Measured Length</domname><domdesc Sync="TRUE"></domdesc><domtype Sync="TRUE">Range</domtype><mrgtype Sync="TRUE">Default value</mrgtype><splttype Sync="TRUE">Geometry ratio</splttype><domowner Sync="TRUE">SPADMIN</domowner><domfldtp Sync="TRUE">Double</domfldtp></stflddd></stfield><stfield><stfldnm Sync="TRUE">SPLABELHIDE</stfldnm><stflddv Sync="TRUE">0</stflddv><stflddd><domname Sync="TRUE">Label Hide</domname><domdesc Sync="TRUE"></domdesc><domtype Sync="TRUE">Coded Value</domtype><mrgtype Sync="TRUE">Default value</mrgtype><splttype Sync="TRUE">Duplicate</splttype><domowner Sync="TRUE">SPADMIN</domowner><domfldtp Sync="TRUE">SmallInteger</domfldtp></stflddd></stfield><stfield><stfldnm Sync="TRUE">PHASEDESIGNATION</stfldnm><stflddv Sync="TRUE">7</stflddv><stflddd><domname Sync="TRUE">Three Phase</domname><domdesc Sync="TRUE"></domdesc><domtype Sync="TRUE">Coded Value</domtype><mrgtype Sync="TRUE">Default value</mrgtype><splttype Sync="TRUE">Duplicate</splttype><domowner Sync="TRUE">SPADMIN</domowner><domfldtp Sync="TRUE">Integer</domfldtp></stflddd></stfield><stfield><stfldnm Sync="TRUE">CONDUCTORSIZE</stfldnm><stflddd><domname Sync="TRUE">Conductor Size</domname><domdesc Sync="TRUE"></domdesc><domtype Sync="TRUE">Coded Value</domtype><mrgtype Sync="TRUE">Default value</mrgtype><splttype Sync="TRUE">Duplicate</splttype><domowner Sync="TRUE">SPADMIN</domowner><domfldtp Sync="TRUE">String</domfldtp></stflddd></stfield><stfield><stfldnm Sync="TRUE">NEUTRALMATERIAL</stfldnm><stflddd><domname Sync="TRUE">Neutral Material</domname><domdesc Sync="TRUE"></domdesc><domtype Sync="TRUE">Coded Value</domtype><mrgtype Sync="TRUE">Default value</mrgtype><splttype Sync="TRUE">Duplicate</splttype><domowner Sync="TRUE">SPADMIN</domowner><domfldtp Sync="TRUE">String</domfldtp></stflddd></stfield><stfield><stfldnm Sync="TRUE">NEUTRALSIZE</stfldnm><stflddd><domname Sync="TRUE">Neutral Size</domname><domdesc Sync="TRUE"></domdesc><domtype Sync="TRUE">Coded Value</domtype><mrgtype Sync="TRUE">Default value</mrgtype><splttype Sync="TRUE">Duplicate</splttype><domowner Sync="TRUE">SPADMIN</domowner><domfldtp Sync="TRUE">String</domfldtp></stflddd></stfield><stfield><stfldnm Sync="TRUE">NUMBERCONDUCTORSPERPHASE</stfldnm><stflddv Sync="TRUE">1</stflddv><stflddd><domname Sync="TRUE">Number of Conductors/Phase</domname><domdesc Sync="TRUE"></domdesc><domtype Sync="TRUE">Range</domtype><mrgtype Sync="TRUE">Default value</mrgtype><splttype Sync="TRUE">Duplicate</splttype><domowner Sync="TRUE">SPADMIN</domowner><domfldtp Sync="TRUE">Integer</domfldtp></stflddd></stfield><stfield><stfldnm Sync="TRUE">SPINSTALLEDBY</stfldnm><stflddv Sync="TRUE">ScottishPower</stflddv></stfield><stfield><stfldnm Sync="TRUE">SPNUMOFPHASES</stfldnm><stflddv Sync="TRUE">3</stflddv><stflddd><domname Sync="TRUE">Number of Phases</domname><domdesc Sync="TRUE"></domdesc><domtype Sync="TRUE">Range</domtype><mrgtype Sync="TRUE">Default value</mrgtype><splttype Sync="TRUE">Duplicate</splttype><domowner Sync="TRUE">SPADMIN</domowner><domfldtp Sync="TRUE">Integer</domfldtp></stflddd></stfield><stfield><stfldnm Sync="TRUE">SPOWNEDBY</stfldnm><stflddv Sync="TRUE">ScottishPower</stflddv></stfield><stfield><stfldnm Sync="TRUE">SPASSUMEDATTR</stfldnm><stflddv Sync="TRUE">N</stflddv><stflddd><domname Sync="TRUE">Yes/No Indicator</domname><domdesc Sync="TRUE"></domdesc><domtype Sync="TRUE">Coded Value</domtype><mrgtype Sync="TRUE">Default value</mrgtype><splttype Sync="TRUE">Duplicate</splttype><domowner Sync="TRUE">SPADMIN</domowner><domfldtp Sync="TRUE">String</domfldtp></stflddd></stfield><stfield><stfldnm Sync="TRUE">SPSTATUS</stfldnm><stflddv Sync="TRUE">EX</stflddv><stflddd><domname Sync="TRUE">Network Status</domname><domdesc Sync="TRUE"></domdesc><domtype Sync="TRUE">Coded Value</domtype><mrgtype Sync="TRUE">Default value</mrgtype><splttype Sync="TRUE">Duplicate</splttype><domowner Sync="TRUE">SPADMIN</domowner><domfldtp Sync="TRUE">String</domfldtp></stflddd></stfield><stfield><stfldnm Sync="TRUE">SPACTIVITYCODE</stfldnm><stflddd><domname Sync="TRUE">Activity Code</domname><domdesc Sync="TRUE"></domdesc><domtype Sync="TRUE">Coded Value</domtype><mrgtype Sync="TRUE">Default value</mrgtype><splttype Sync="TRUE">Duplicate</splttype><domowner Sync="TRUE">SPADMIN</domowner><domfldtp Sync="TRUE">String</domfldtp></stflddd></stfield><stfield><stfldnm Sync="TRUE">SPFINANCIALCODE</stfldnm><stflddd><domname Sync="TRUE">Financial Code</domname><domdesc Sync="TRUE"></domdesc><domtype Sync="TRUE">Coded Value</domtype><mrgtype Sync="TRUE">Default value</mrgtype><splttype Sync="TRUE">Duplicate</splttype><domowner Sync="TRUE">SPADMIN</domowner><domfldtp Sync="TRUE">String</domfldtp></stflddd></stfield><stfield><stfldnm Sync="TRUE">CONDUCTORMATERIAL</stfldnm><stflddv Sync="TRUE">AL</stflddv><stflddd><domname Sync="TRUE">Cable Conductor Material</domname><domdesc Sync="TRUE"></domdesc><domtype Sync="TRUE">Coded Value</domtype><mrgtype Sync="TRUE">Default value</mrgtype><splttype Sync="TRUE">Duplicate</splttype><domowner Sync="TRUE">SPADMIN</domowner><domfldtp Sync="TRUE">String</domfldtp></stflddd></stfield><stfield><stfldnm Sync="TRUE">SPARMOURING</stfldnm><stflddd><domname Sync="TRUE">Cable Armouring</domname><domdesc Sync="TRUE"></domdesc><domtype Sync="TRUE">Coded Value</domtype><mrgtype Sync="TRUE">Default value</mrgtype><splttype Sync="TRUE">Duplicate</splttype><domowner Sync="TRUE">SPADMIN</domowner><domfldtp Sync="TRUE">String</domfldtp></stflddd></stfield><stfield><stfldnm Sync="TRUE">SPBUNCHEDPHASINGCOLOUR</stfldnm><stflddd><domname Sync="TRUE">Bunched Phasing Colours</domname><domdesc Sync="TRUE"></domdesc><domtype Sync="TRUE">Coded Value</domtype><mrgtype Sync="TRUE">Default value</mrgtype><splttype Sync="TRUE">Duplicate</splttype><domowner Sync="TRUE">SPADMIN</domowner><domfldtp Sync="TRUE">String</domfldtp></stflddd></stfield><stfield><stfldnm Sync="TRUE">SPCONSTRUCTIONTYPE</stfldnm><stflddd><domname Sync="TRUE">Cable Construction Type</domname><domdesc Sync="TRUE"></domdesc><domtype Sync="TRUE">Coded Value</domtype><mrgtype Sync="TRUE">Default value</mrgtype><splttype Sync="TRUE">Duplicate</splttype><domowner Sync="TRUE">SPADMIN</domowner><domfldtp Sync="TRUE">String</domfldtp></stflddd></stfield><stfield><stfldnm Sync="TRUE">SPCABLENUMOFCONDS</stfldnm><stflddv Sync="TRUE">3</stflddv><stflddd><domname Sync="TRUE">Cable Number of Conductors</domname><domdesc Sync="TRUE"></domdesc><domtype Sync="TRUE">Coded Value</domtype><mrgtype Sync="TRUE">Default value</mrgtype><splttype Sync="TRUE">Duplicate</splttype><domowner Sync="TRUE">SPADMIN</domowner><domfldtp Sync="TRUE">String</domfldtp></stflddd></stfield><stfield><stfldnm Sync="TRUE">OPERATINGVOLTAGE</stfldnm><stflddv Sync="TRUE">230</stflddv><stflddd><domname Sync="TRUE">LV Operating Voltage</domname><domdesc Sync="TRUE"></domdesc><domtype Sync="TRUE">Coded Value</domtype><mrgtype Sync="TRUE">Default value</mrgtype><splttype Sync="TRUE">Duplicate</splttype><domowner Sync="TRUE">SPADMIN</domowner><domfldtp Sync="TRUE">Integer</domfldtp></stflddd></stfield><stfield><stfldnm Sync="TRUE">SUBTYPECD</stfldnm><stflddv Sync="TRUE">3</stflddv></stfield><stfield><stfldnm Sync="TRUE">SPMAINORSERVICE</stfldnm><stflddv Sync="TRUE">M</stflddv><stflddd><domname Sync="TRUE">Cable Main or Service Indicator</domname><domdesc Sync="TRUE"></domdesc><domtype Sync="TRUE">Coded Value</domtype><mrgtype Sync="TRUE">Default value</mrgtype><splttype Sync="TRUE">Duplicate</splttype><domowner Sync="TRUE">SPADMIN</domowner><domfldtp Sync="TRUE">String</domfldtp></stflddd></stfield><stfield><stfldnm Sync="TRUE">SPDESIGNVOLT</stfldnm><stflddv Sync="TRUE">230</stflddv><stflddd><domname Sync="TRUE">LV Design Voltage</domname><domdesc Sync="TRUE"></domdesc><domtype Sync="TRUE">Coded Value</domtype><mrgtype Sync="TRUE">Default value</mrgtype><splttype Sync="TRUE">Duplicate</splttype><domowner Sync="TRUE">SPADMIN</domowner><domfldtp Sync="TRUE">Integer</domfldtp></stflddd></stfield><stfield><stfldnm Sync="TRUE">SPXSECTAREA</stfldnm><stflddd><domname Sync="TRUE">Cable Cross Sectional Area</domname><domdesc Sync="TRUE"></domdesc><domtype Sync="TRUE">Coded Value</domtype><mrgtype Sync="TRUE">Default value</mrgtype><splttype Sync="TRUE">Duplicate</splttype><domowner Sync="TRUE">SPADMIN</domowner><domfldtp Sync="TRUE">String</domfldtp></stflddd></stfield><stfield><stfldnm Sync="TRUE">GND_SYMBOL</stfldnm><stflddv Sync="TRUE">1</stflddv></stfield></subtype></detailed></eainfo><mdDateSt Sync="TRUE">20110825</mdDateSt><GEMINI_Metadata><IdentificationInfo><spatialRepresentationType codeList="001"></spatialRepresentationType><extent><geographicElement><westBoundLongitude>-8.467484</westBoundLongitude><eastBoundLongitude>-0.604716</eastBoundLongitude><northBoundLatitude>56.456250</northBoundLatitude><southBoundLatitude>49.767057</southBoundLatitude></geographicElement></extent><spatialResolution><distance>0.000100</distance></spatialResolution></IdentificationInfo><dateStamp>20110825</dateStamp><metadataStandardName>UK GEMINI Standard</metadataStandardName><metadataStandardVersion>1.0</metadataStandardVersion><referenceSystemInfo><referenceSystemIdentifier><code>001</code></referenceSystemIdentifier></referenceSystemInfo></GEMINI_Metadata><gmd:GEMINI_Metadata xmlns:gmd="http://www.isotc211.org/2005/gmd" xmlns:xsi="http://www.w3.org/2001/XMLSchema-instance" xmlns:gco="http://www.isotc211.org/2005/gco" xmlns:srv="http://www.isotc211.org/2005/srv" xmlns:gts="http://www.isotc211.org/2005/gts" xmlns:gml="http://www.opengis.net/gml" xmlns:xlink="http://www.w3.org/1999/xlink"><gmd:dateStamp><gco:Date>2010-12-17</gco:Date></gmd:dateStamp><gmd:language><gmd:LanguageCode codeListValue="eng" codeList="&quot;http://standards.iso.org/ittf/PubliclyAvailableStandards/ISO_19139_Schemas/resources/Codelist/ML_gmxCodelists.xml#LanguageCode&quot;">English [English]</gmd:LanguageCode></gmd:language><gmd:identificationInfo><gmd:MD_DataIdentification><gmd:language><gmd:LanguageCode codeListValue="eng" codeList="&quot;http://standards.iso.org/ittf/PubliclyAvailableStandards/ISO_19139_Schemas/resources/Codelist/ML_gmxCodelists.xml#LanguageCode&quot;">English [English]</gmd:LanguageCode></gmd:language><gmd:spatialResolution><gmd:MD_Resolution><gmd:distance><gco:Distance uom="Meters">0.0001</gco:Distance></gmd:distance></gmd:MD_Resolution></gmd:spatialResolution><gmd:citation><gmd:CI_Citation><gmd:title><gco:CharacterString>SPADMIN.LVCable</gco:CharacterString></gmd:title></gmd:CI_Citation></gmd:citation><gmd:extent><gmd:EX_Extent><gmd:geographicElement><gmd:EX_GeographicBoundingBox><gmd:westBoundLongitude><gco:Decimal>-8.46748407643639</gco:Decimal></gmd:westBoundLongitude><gmd:eastBoundLongitude><gco:Decimal>-0.604716008994734</gco:Decimal></gmd:eastBoundLongitude><gmd:southBoundLatitude><gco:Decimal>49.7670573011958</gco:Decimal></gmd:southBoundLatitude><gmd:northBoundLatitude><gco:Decimal>56.4562507400675</gco:Decimal></gmd:northBoundLatitude></gmd:EX_GeographicBoundingBox></gmd:geographicElement><gmd:verticalElement><gmd:EX_VerticalExtent><gmd:minimumValue><gco:Real>0.00</gco:Real></gmd:minimumValue><gmd:maximumValue><gco:Real>9007199254740990.00</gco:Real></gmd:maximumValue><gmd:unitOfMeasure><gml:UomLength><gml:uomName></gml:uomName></gml:UomLength></gmd:unitOfMeasure><gmd:verticalDatum><gmd:SC_VerticalDatum><gmd:datumID><gmd:RS_Identifier><gmd:code><gco:CharacterString></gco:CharacterString></gmd:code></gmd:RS_Identifier></gmd:datumID></gmd:SC_VerticalDatum></gmd:verticalDatum></gmd:EX_VerticalExtent></gmd:verticalElement></gmd:EX_Extent></gmd:extent></gmd:MD_DataIdentification></gmd:identificationInfo><gmd:distributionInfo><gmd:MD_Distribution><gmd:transferOptions><gmd:MD_DigitalTransferOptions><gmd:onLine><gmd:CI_OnlineResource><gmd:linkage><gmd:URL>Server=cathlvgisdb01; Service=sde:oracle10g:/;LOCAL=T_GISNETP; User=sde; Version=SDE.DEFAULT</gmd:URL></gmd:linkage></gmd:CI_OnlineResource></gmd:onLine></gmd:MD_DigitalTransferOptions></gmd:transferOptions><gmd:distributionFormat><gmd:MD_Format><gmd:name><gco:CharacterString>SDE Feature Class</gco:CharacterString></gmd:name></gmd:MD_Format></gmd:distributionFormat></gmd:MD_Distribution></gmd:distributionInfo><gmd:referenceSystemInfo><gmd:MD_ReferenceSystem><gmd:referenceSystemIdentifier><gmd:MD_Identifier><gmd:code><gco:CharacterString>Great Britain National Grid</gco:CharacterString></gmd:code></gmd:MD_Identifier></gmd:referenceSystemIdentifier></gmd:MD_ReferenceSystem></gmd:referenceSystemInfo></gmd:GEMINI_Metadata></metadata>
