<?xml version="1.0" encoding="UTF-8"?>
<metadata xml:lang="en"><Esri><CreaDate>20180426</CreaDate><CreaTime>09484900</CreaTime><ArcGISFormat>1.0</ArcGISFormat><SyncOnce>TRUE</SyncOnce><DataProperties><lineage><Process ToolSource="D:\Program Files (x86)\ArcGIS\Desktop10.0\ArcToolbox\Toolboxes\Data Management Tools.tbx\CalculateField" Date="20150119" Time="105205">CalculateField "Distribution Transformer" SPLICENCEAREA "SPM" VB #</Process><Process ToolSource="D:\Program Files (x86)\ArcGIS\Desktop10.0\ArcToolbox\Toolboxes\Data Management Tools.tbx\CalculateField" Date="20150119" Time="105250">CalculateField "Distribution Transformer" SPLICENCEAREA "SPD" VB #</Process><Process ToolSource="D:\Program Files (x86)\ArcGIS\Desktop10.0\ArcToolbox\Toolboxes\Data Management Tools.tbx\CalculateField" Date="20150119" Time="105401">CalculateField "Distribution Transformer" SPOWNEDBY "SP" VB #</Process><Process ToolSource="D:\Program Files (x86)\ArcGIS\Desktop10.0\ArcToolbox\Toolboxes\Data Management Tools.tbx\CalculateField" Date="20150721" Time="132559">CalculateField "Distribution Transformer selection" SPLICENCEAREA "SPD" VB #</Process><Process ToolSource="D:\Program Files (x86)\ArcGIS\Desktop10.0\ArcToolbox\Toolboxes\Data Management Tools.tbx\CalculateField" Date="20150721" Time="132702">CalculateField "Distribution Transformer selection" SPLICENCEAREA "SPM" VB #</Process><Process ToolSource="d:\program files (x86)\arcgis\desktop10.2\ArcToolbox\Toolboxes\Data Management Tools.tbx\CalculateField" Date="20180326" Time="110949">CalculateField "GIS\Substation Locations\Distribution Transformer" SPLICENCEAREA "SPD" VB #</Process><Process ToolSource="d:\program files (x86)\arcgis\desktop10.2\ArcToolbox\Toolboxes\Data Management Tools.tbx\CalculateField" Date="20180326" Time="111505">CalculateField "GIS\Substation Locations\Distribution Transformer" SPLICENCEAREA "SPM" VB #</Process></lineage></DataProperties></Esri></metadata>
