<?xml version="1.0" encoding="UTF-8"?>
<metadata xml:lang="en"><Esri><CreaDate>20180426</CreaDate><CreaTime>09534000</CreaTime><SyncOnce>FALSE</SyncOnce><DataProperties><lineage><Process ToolSource="C:\Program Files\ArcGIS\ArcToolbox\Toolboxes\Cartography Tools.tbx\AddRepresentation" Date="20080401" Time="164006">AddRepresentation "Database Connections\SPADMIN on Production Run Migration.sde\SPADMIN.Connector" GND_Connector GND_SYMBOL GND_SHAPE STORE_CHANGE_AS_OVERRIDE Z:\Migrations\MigProdRun\ArcFM\GND\GND_symbols//Connector.lyr NO_ASSIGN "Database Connections\SPADMIN on Production Run Migration.sde\SPADMIN.Connector"</Process><Process ToolSource="C:\Program Files\ArcGIS\ArcToolbox\Toolboxes\Data Management Tools.tbx\AssignDefaultToField" Date="20080401" Time="165021">AssignDefaultToField "Database Connections\SPADMIN on Production Run Migration.sde\SPADMIN.Connector" GND_SYMBOL 1 '0: Traceable Connector';'1: NonTraceable Connector' "Database Connections\SPADMIN on Production Run Migration.sde\SPADMIN.Connector"</Process></lineage></DataProperties><SyncDate>20100503</SyncDate><SyncTime>11023000</SyncTime><ModDate>20100503</ModDate><ModTime>11023000</ModTime><ArcGISFormat>1.0</ArcGISFormat></Esri><idinfo><native Sync="TRUE">Microsoft Windows 2000 Version 5.2 (Build 3790) Service Pack 2; ESRI ArcCatalog 9.2.4.1420</native><descript><langdata Sync="TRUE">en</langdata><abstract>REQUIRED: A brief narrative summary of the data set.</abstract><purpose>REQUIRED: A summary of the intentions with which the data set was developed.</purpose></descript><citation><citeinfo><origin>REQUIRED: The name of an organization or individual that developed the data set.</origin><pubdate>REQUIRED: The date when the data set is published or otherwise made available for release.</pubdate><title Sync="TRUE">SPADMIN.Connector</title><ftname Sync="TRUE">SPADMIN.Connector</ftname><geoform Sync="TRUE">vector digital data</geoform><onlink Sync="TRUE">Server=cathlvgisdb01; Service=sde:oracle10g:/;LOCAL=T_GISNETP; User=spadmin; Version=SDE.DEFAULT</onlink></citeinfo></citation><timeperd><current>REQUIRED: The basis on which the time period of content information is determined.</current><timeinfo><sngdate><caldate>REQUIRED: The year (and optionally month, or month and day) for which the data set corresponds to the ground.</caldate></sngdate></timeinfo></timeperd><status><progress>REQUIRED: The state of the data set.</progress><update>REQUIRED: The frequency with which changes and additions are made to the data set after the initial data set is completed.</update></status><spdom><bounding><westbc Sync="TRUE">-5.524591</westbc><eastbc Sync="TRUE">8.312376</eastbc><northbc Sync="TRUE">58.887615</northbc><southbc Sync="TRUE">51.955638</southbc></bounding><lboundng><leftbc Sync="TRUE">196642.071200</leftbc><rightbc Sync="TRUE">999963.458700</rightbc><bottombc Sync="TRUE">264780.628000</bottombc><topbc Sync="TRUE">999985.287100</topbc></lboundng></spdom><keywords><theme><themekt>REQUIRED: Reference to a formally registered thesaurus or a similar authoritative source of theme keywords.</themekt><themekey>REQUIRED: Common-use word or phrase used to describe the subject of the data set.</themekey></theme></keywords><accconst>REQUIRED: Restrictions and legal prerequisites for accessing the data set.</accconst><useconst>REQUIRED: Restrictions and legal prerequisites for using the data set after access is granted.</useconst><natvform Sync="TRUE">SDE Feature Class</natvform></idinfo><dataIdInfo><envirDesc Sync="TRUE">Microsoft Windows 2000 Version 5.2 (Build 3790) Service Pack 2; ESRI ArcCatalog 9.2.4.1420</envirDesc><dataLang><languageCode Sync="TRUE" value="en"></languageCode></dataLang><idCitation><resTitle Sync="TRUE">SPADMIN.Connector</resTitle><presForm><PresFormCd Sync="TRUE" value="005"></PresFormCd></presForm></idCitation><spatRpType><SpatRepTypCd Sync="TRUE" value="001"></SpatRepTypCd></spatRpType><dataExt><geoEle><GeoBndBox esriExtentType="native"><westBL Sync="TRUE">196642.0712</westBL><eastBL Sync="TRUE">999963.4587</eastBL><northBL Sync="TRUE">999985.2871</northBL><southBL Sync="TRUE">264780.628</southBL><exTypeCode Sync="TRUE">1</exTypeCode></GeoBndBox></geoEle></dataExt><geoBox esriExtentType="decdegrees"><westBL Sync="TRUE">-5.524591</westBL><eastBL Sync="TRUE">8.312376</eastBL><northBL Sync="TRUE">58.887615</northBL><southBL Sync="TRUE">51.955638</southBL><exTypeCode Sync="TRUE">1</exTypeCode></geoBox></dataIdInfo><metainfo><langmeta Sync="TRUE">en</langmeta><metstdn Sync="TRUE">FGDC Content Standards for Digital Geospatial Metadata</metstdn><metstdv Sync="TRUE">FGDC-STD-001-1998</metstdv><mettc Sync="TRUE">local time</mettc><metextns><onlink Sync="TRUE">http://www.esri.com/metadata/esriprof80.html</onlink><metprof Sync="TRUE">ESRI Metadata Profile</metprof></metextns><metc><cntinfo><cntorgp><cntper>REQUIRED: The person responsible for the metadata information.</cntper><cntorg>REQUIRED: The organization responsible for the metadata information.</cntorg></cntorgp><cntaddr><addrtype>REQUIRED: The mailing and/or physical address for the organization or individual.</addrtype><city>REQUIRED: The city of the address.</city><state>REQUIRED: The state or province of the address.</state><postal>REQUIRED: The ZIP or other postal code of the address.</postal></cntaddr><cntvoice>REQUIRED: The telephone number by which individuals can speak to the organization or individual.</cntvoice></cntinfo></metc><metd Sync="TRUE">20100503</metd></metainfo><mdLang><languageCode Sync="TRUE" value="en"></languageCode></mdLang><mdStanName Sync="TRUE">ISO 19115 Geographic Information - Metadata</mdStanName><mdStanVer Sync="TRUE">DIS_ESRI1.0</mdStanVer><mdChar><CharSetCd Sync="TRUE" value="004"></CharSetCd></mdChar><mdHrLv><ScopeCd Sync="TRUE" value="005"></ScopeCd></mdHrLv><mdHrLvName Sync="TRUE">dataset</mdHrLvName><distinfo><resdesc Sync="TRUE">Downloadable Data</resdesc></distinfo><distInfo><distributor><distorTran><onLineSrc><orDesc Sync="TRUE">002</orDesc><linkage Sync="TRUE">Server=cathlvgisdb01; Service=sde:oracle10g:/;LOCAL=T_GISNETP; User=spadmin; Version=SDE.DEFAULT</linkage><protocol Sync="TRUE">ArcSDE Connection</protocol></onLineSrc></distorTran><distorFormat><formatName Sync="TRUE">SDE Feature Class</formatName></distorFormat></distributor></distInfo><spdoinfo><direct Sync="TRUE">Vector</direct><ptvctinf><esriterm Name="SPADMIN.Connector"><efeatyp Sync="TRUE">Complex Edge</efeatyp><efeageom Sync="TRUE">Polyline</efeageom><esritopo Sync="TRUE">TRUE</esritopo><efeacnt Sync="TRUE">1249083</efeacnt><spindex Sync="TRUE">TRUE</spindex><linrefer Sync="TRUE">FALSE</linrefer><netwrole Sync="TRUE">None</netwrole></esriterm><sdtsterm Name="SPADMIN.Connector"><sdtstype Sync="TRUE">String</sdtstype><ptvctcnt Sync="TRUE">1249083</ptvctcnt></sdtsterm></ptvctinf></spdoinfo><spref><horizsys><cordsysn><geogcsn Sync="TRUE">GCS_OSGB_1936</geogcsn><projcsn Sync="TRUE">British_National_Grid</projcsn></cordsysn><planar><mapproj><mapprojn Sync="TRUE">Transverse Mercator</mapprojn><transmer><sfctrmer Sync="TRUE">0.999601</sfctrmer><longcm Sync="TRUE">-2.000000</longcm><latprjo Sync="TRUE">49.000000</latprjo><feast Sync="TRUE">400000.000000</feast><fnorth Sync="TRUE">-100000.000000</fnorth></transmer></mapproj><planci><plance Sync="TRUE">coordinate pair</plance><plandu Sync="TRUE">meters</plandu><coordrep><absres Sync="TRUE">0.000100</absres><ordres Sync="TRUE">0.000100</ordres></coordrep></planci></planar><geodetic><horizdn Sync="TRUE">D_OSGB_1936</horizdn><ellips Sync="TRUE">Airy_1830</ellips><semiaxis Sync="TRUE">6377563.396000</semiaxis><denflat Sync="TRUE">299.324965</denflat></geodetic></horizsys><vertdef><altsys><altenc Sync="TRUE">Explicit elevation coordinate included with horizontal coordinates</altenc><altres Sync="TRUE">1.000000</altres></altsys></vertdef></spref><refSysInfo><RefSystem><refSysID><identCode Sync="TRUE">British_National_Grid</identCode></refSysID></RefSystem></refSysInfo><spatRepInfo><VectSpatRep><topLvl><TopoLevCd Sync="TRUE" value="002"></TopoLevCd></topLvl><geometObjs Name="SPADMIN.Connector"><geoObjTyp><GeoObjTypCd Sync="TRUE" value="001"></GeoObjTypCd></geoObjTyp><geoObjCnt Sync="TRUE">1249083</geoObjCnt></geometObjs></VectSpatRep></spatRepInfo><eainfo><detailed Name="SPADMIN.Connector"><enttyp><enttypl Sync="TRUE">SPADMIN.Connector</enttypl><enttypt Sync="TRUE">Feature Class</enttypt><enttypc Sync="TRUE">1249083</enttypc></enttyp><attr><attrlabl Sync="TRUE">OBJECTID</attrlabl><attalias Sync="TRUE">OBJECTID</attalias><attrtype Sync="TRUE">OID</attrtype><attwidth Sync="TRUE">4</attwidth><atprecis Sync="TRUE">10</atprecis><attscale Sync="TRUE">0</attscale><attrdef Sync="TRUE">Internal feature number.</attrdef><attrdefs Sync="TRUE">ESRI</attrdefs><attrdomv><udom Sync="TRUE">Sequential unique whole numbers that are automatically generated.</udom></attrdomv></attr><attr><attrlabl Sync="TRUE">ENABLED</attrlabl><attalias Sync="TRUE">ENABLED</attalias><attrtype Sync="TRUE">SmallInteger</attrtype><attwidth Sync="TRUE">2</attwidth><atprecis Sync="TRUE">5</atprecis><attscale Sync="TRUE">0</attscale></attr><attr><attrlabl Sync="TRUE">CREATIONUSER</attrlabl><attalias Sync="TRUE">Creation User</attalias><attrtype Sync="TRUE">String</attrtype><attwidth Sync="TRUE">50</attwidth><atprecis Sync="TRUE">0</atprecis><attscale Sync="TRUE">0</attscale></attr><attr><attrlabl Sync="TRUE">DATECREATED</attrlabl><attalias Sync="TRUE">Date Created</attalias><attrtype Sync="TRUE">Date</attrtype><attwidth Sync="TRUE">36</attwidth><atprecis Sync="TRUE">0</atprecis><attscale Sync="TRUE">0</attscale></attr><attr><attrlabl Sync="TRUE">DATEMODIFIED</attrlabl><attalias Sync="TRUE">Date Modified</attalias><attrtype Sync="TRUE">Date</attrtype><attwidth Sync="TRUE">36</attwidth><atprecis Sync="TRUE">0</atprecis><attscale Sync="TRUE">0</attscale></attr><attr><attrlabl Sync="TRUE">LASTUSER</attrlabl><attalias Sync="TRUE">Last User</attalias><attrtype Sync="TRUE">String</attrtype><attwidth Sync="TRUE">50</attwidth><atprecis Sync="TRUE">0</atprecis><attscale Sync="TRUE">0</attscale></attr><attr><attrlabl Sync="TRUE">GLOBALID</attrlabl><attalias Sync="TRUE">GlobalID</attalias><attrtype Sync="TRUE">0</attrtype><attwidth Sync="TRUE">38</attwidth><atprecis Sync="TRUE">0</atprecis><attscale Sync="TRUE">0</attscale></attr><attr><attrlabl Sync="TRUE">MEASUREDLENGTH</attrlabl><attalias Sync="TRUE">Measured Length</attalias><attrtype Sync="TRUE">Double</attrtype><attwidth Sync="TRUE">8</attwidth><atprecis Sync="TRUE">38</atprecis><attscale Sync="TRUE">8</attscale></attr><attr><attrlabl Sync="TRUE">SPLABELHIDE</attrlabl><attalias Sync="TRUE">Hide Label</attalias><attrtype Sync="TRUE">SmallInteger</attrtype><attwidth Sync="TRUE">2</attwidth><atprecis Sync="TRUE">5</atprecis><attscale Sync="TRUE">0</attscale></attr><attr><attrlabl Sync="TRUE">PARENTCIRCUITSOURCEID</attrlabl><attalias Sync="TRUE">Parent Circuit Source ID</attalias><attrtype Sync="TRUE">Integer</attrtype><attwidth Sync="TRUE">4</attwidth><atprecis Sync="TRUE">10</atprecis><attscale Sync="TRUE">0</attscale></attr><attr><attrlabl Sync="TRUE">SUBTYPECD</attrlabl><attalias Sync="TRUE">Subtype</attalias><attrtype Sync="TRUE">Integer</attrtype><attwidth Sync="TRUE">4</attwidth><atprecis Sync="TRUE">10</atprecis><attscale Sync="TRUE">0</attscale></attr><attr><attrlabl Sync="TRUE">FEEDERID</attrlabl><attalias Sync="TRUE">Feeder ID</attalias><attrtype Sync="TRUE">String</attrtype><attwidth Sync="TRUE">20</attwidth><atprecis Sync="TRUE">0</atprecis><attscale Sync="TRUE">0</attscale></attr><attr><attrlabl Sync="TRUE">FEEDERID2</attrlabl><attalias Sync="TRUE">Feeder ID 2</attalias><attrtype Sync="TRUE">String</attrtype><attwidth Sync="TRUE">20</attwidth><atprecis Sync="TRUE">0</atprecis><attscale Sync="TRUE">0</attscale></attr><attr><attrlabl Sync="TRUE">ELECTRICTRACEWEIGHT</attrlabl><attalias Sync="TRUE">Electric Trace Weight</attalias><attrtype Sync="TRUE">Integer</attrtype><attwidth Sync="TRUE">4</attwidth><atprecis Sync="TRUE">10</atprecis><attscale Sync="TRUE">0</attscale></attr><attr><attrlabl Sync="TRUE">FEEDERINFO</attrlabl><attalias Sync="TRUE">Feeder Information</attalias><attrtype Sync="TRUE">Integer</attrtype><attwidth Sync="TRUE">4</attwidth><atprecis Sync="TRUE">10</atprecis><attscale Sync="TRUE">0</attscale></attr><attr><attrlabl Sync="TRUE">OPERATINGVOLTAGE</attrlabl><attalias Sync="TRUE">Operating Voltage</attalias><attrtype Sync="TRUE">Integer</attrtype><attwidth Sync="TRUE">4</attwidth><atprecis Sync="TRUE">10</atprecis><attscale Sync="TRUE">0</attscale></attr><attr><attrlabl Sync="TRUE">LABELTEXT</attrlabl><attalias Sync="TRUE">Label Text</attalias><attrtype Sync="TRUE">String</attrtype><attwidth Sync="TRUE">100</attwidth><atprecis Sync="TRUE">0</atprecis><attscale Sync="TRUE">0</attscale></attr><attr><attrlabl Sync="TRUE">PHASEDESIGNATION</attrlabl><attalias Sync="TRUE">Phase Designation</attalias><attrtype Sync="TRUE">Integer</attrtype><attwidth Sync="TRUE">4</attwidth><atprecis Sync="TRUE">10</atprecis><attscale Sync="TRUE">0</attscale></attr><attr><attrlabl Sync="TRUE">NOMINALVOLTAGE</attrlabl><attalias Sync="TRUE">Nominal Voltage</attalias><attrtype Sync="TRUE">Integer</attrtype><attwidth Sync="TRUE">4</attwidth><atprecis Sync="TRUE">10</atprecis><attscale Sync="TRUE">0</attscale></attr><attr><attrlabl Sync="TRUE">LINETYPE</attrlabl><attalias Sync="TRUE">LineType</attalias><attrtype Sync="TRUE">SmallInteger</attrtype><attwidth Sync="TRUE">2</attwidth><atprecis Sync="TRUE">5</atprecis><attscale Sync="TRUE">0</attscale></attr><attr><attrlabl Sync="TRUE">SHAPE</attrlabl><attalias Sync="TRUE">Shape</attalias><attrtype Sync="TRUE">Geometry</attrtype><attwidth Sync="TRUE">4</attwidth><atprecis Sync="TRUE">0</atprecis><attscale Sync="TRUE">0</attscale><attrdef Sync="TRUE">Feature geometry.</attrdef><attrdefs Sync="TRUE">ESRI</attrdefs><attrdomv><udom Sync="TRUE">Coordinates defining the features.</udom></attrdomv></attr><attr><attrlabl Sync="TRUE">GND_SYMBOL</attrlabl><attalias Sync="TRUE">GND_SYMBOL</attalias><attrtype Sync="TRUE">Integer</attrtype><attwidth Sync="TRUE">4</attwidth><atprecis Sync="TRUE">10</atprecis><attscale Sync="TRUE">0</attscale></attr><attr><attrlabl Sync="TRUE">GND_SHAPE</attrlabl><attalias Sync="TRUE">GND_SHAPE</attalias><attrtype Sync="TRUE">Blob</attrtype><attwidth Sync="TRUE">0</attwidth><atprecis Sync="TRUE">0</atprecis><attscale Sync="TRUE">0</attscale></attr><attr><attrlabl Sync="TRUE">SHAPE.LEN</attrlabl><attalias Sync="TRUE">SHAPE.LEN</attalias><attrtype Sync="TRUE">Double</attrtype><attwidth Sync="TRUE">0</attwidth><atprecis Sync="TRUE">0</atprecis><attscale Sync="TRUE">0</attscale></attr><subtype><stname Sync="TRUE">NonTraceable Connector</stname><stcode Sync="TRUE">1</stcode><stfield><stfldnm Sync="TRUE">ENABLED</stfldnm><stflddv Sync="TRUE">1</stflddv><stflddd><domname Sync="TRUE">EnabledDomain</domname><domdesc Sync="TRUE"></domdesc><domtype Sync="TRUE">Coded Value</domtype><mrgtype Sync="TRUE">Default value</mrgtype><splttype Sync="TRUE">Duplicate</splttype><domowner Sync="TRUE">SPADMIN</domowner><domfldtp Sync="TRUE">SmallInteger</domfldtp></stflddd></stfield><stfield><stfldnm Sync="TRUE">MEASUREDLENGTH</stfldnm><stflddd><domname Sync="TRUE">Measured Length</domname><domdesc Sync="TRUE"></domdesc><domtype Sync="TRUE">Range</domtype><mrgtype Sync="TRUE">Default value</mrgtype><splttype Sync="TRUE">Geometry ratio</splttype><domowner Sync="TRUE">SPADMIN</domowner><domfldtp Sync="TRUE">Double</domfldtp></stflddd></stfield><stfield><stfldnm Sync="TRUE">SPLABELHIDE</stfldnm><stflddv Sync="TRUE">0</stflddv><stflddd><domname Sync="TRUE">Label Hide</domname><domdesc Sync="TRUE"></domdesc><domtype Sync="TRUE">Coded Value</domtype><mrgtype Sync="TRUE">Default value</mrgtype><splttype Sync="TRUE">Duplicate</splttype><domowner Sync="TRUE">SPADMIN</domowner><domfldtp Sync="TRUE">SmallInteger</domfldtp></stflddd></stfield><stfield><stfldnm Sync="TRUE">SUBTYPECD</stfldnm><stflddv Sync="TRUE">1</stflddv></stfield><stfield><stfldnm Sync="TRUE">OPERATINGVOLTAGE</stfldnm><stflddv Sync="TRUE">33000</stflddv><stflddd><domname Sync="TRUE">Electric Line Operating Voltage</domname><domdesc Sync="TRUE"></domdesc><domtype Sync="TRUE">Coded Value</domtype><mrgtype Sync="TRUE">Default value</mrgtype><splttype Sync="TRUE">Duplicate</splttype><domowner Sync="TRUE">SPADMIN</domowner><domfldtp Sync="TRUE">Integer</domfldtp></stflddd></stfield><stfield><stfldnm Sync="TRUE">PHASEDESIGNATION</stfldnm><stflddv Sync="TRUE">7</stflddv><stflddd><domname Sync="TRUE">Phase Designation</domname><domdesc Sync="TRUE"></domdesc><domtype Sync="TRUE">Coded Value</domtype><mrgtype Sync="TRUE">Default value</mrgtype><splttype Sync="TRUE">Duplicate</splttype><domowner Sync="TRUE">SPADMIN</domowner><domfldtp Sync="TRUE">Integer</domfldtp></stflddd></stfield><stfield><stfldnm Sync="TRUE">NOMINALVOLTAGE</stfldnm><stflddd><domname Sync="TRUE">Bus Bar Nominal Voltage</domname><domdesc Sync="TRUE"></domdesc><domtype Sync="TRUE">Coded Value</domtype><mrgtype Sync="TRUE">Default value</mrgtype><splttype Sync="TRUE">Duplicate</splttype><domowner Sync="TRUE">SPADMIN</domowner><domfldtp Sync="TRUE">Integer</domfldtp></stflddd></stfield><stfield><stfldnm Sync="TRUE">LINETYPE</stfldnm><stflddv Sync="TRUE">2</stflddv><stflddd><domname Sync="TRUE">Connector Line Type</domname><domdesc Sync="TRUE"></domdesc><domtype Sync="TRUE">Coded Value</domtype><mrgtype Sync="TRUE">Default value</mrgtype><splttype Sync="TRUE">Duplicate</splttype><domowner Sync="TRUE">SPADMIN</domowner><domfldtp Sync="TRUE">SmallInteger</domfldtp></stflddd></stfield><stfield><stfldnm Sync="TRUE">GND_SYMBOL</stfldnm><stflddv Sync="TRUE">1</stflddv></stfield></subtype><subtype><stname Sync="TRUE">Traceable Connector</stname><stcode Sync="TRUE">0</stcode><stfield><stfldnm Sync="TRUE">ENABLED</stfldnm><stflddv Sync="TRUE">1</stflddv><stflddd><domname Sync="TRUE">EnabledDomain</domname><domdesc Sync="TRUE"></domdesc><domtype Sync="TRUE">Coded Value</domtype><mrgtype Sync="TRUE">Default value</mrgtype><splttype Sync="TRUE">Duplicate</splttype><domowner Sync="TRUE">SPADMIN</domowner><domfldtp Sync="TRUE">SmallInteger</domfldtp></stflddd></stfield><stfield><stfldnm Sync="TRUE">MEASUREDLENGTH</stfldnm><stflddd><domname Sync="TRUE">Measured Length</domname><domdesc Sync="TRUE"></domdesc><domtype Sync="TRUE">Range</domtype><mrgtype Sync="TRUE">Default value</mrgtype><splttype Sync="TRUE">Geometry ratio</splttype><domowner Sync="TRUE">SPADMIN</domowner><domfldtp Sync="TRUE">Double</domfldtp></stflddd></stfield><stfield><stfldnm Sync="TRUE">SPLABELHIDE</stfldnm><stflddv Sync="TRUE">0</stflddv><stflddd><domname Sync="TRUE">Label Hide</domname><domdesc Sync="TRUE"></domdesc><domtype Sync="TRUE">Coded Value</domtype><mrgtype Sync="TRUE">Default value</mrgtype><splttype Sync="TRUE">Duplicate</splttype><domowner Sync="TRUE">SPADMIN</domowner><domfldtp Sync="TRUE">SmallInteger</domfldtp></stflddd></stfield><stfield><stfldnm Sync="TRUE">SUBTYPECD</stfldnm><stflddv Sync="TRUE">0</stflddv></stfield><stfield><stfldnm Sync="TRUE">OPERATINGVOLTAGE</stfldnm><stflddv Sync="TRUE">33000</stflddv><stflddd><domname Sync="TRUE">Electric Line Operating Voltage</domname><domdesc Sync="TRUE"></domdesc><domtype Sync="TRUE">Coded Value</domtype><mrgtype Sync="TRUE">Default value</mrgtype><splttype Sync="TRUE">Duplicate</splttype><domowner Sync="TRUE">SPADMIN</domowner><domfldtp Sync="TRUE">Integer</domfldtp></stflddd></stfield><stfield><stfldnm Sync="TRUE">PHASEDESIGNATION</stfldnm><stflddv Sync="TRUE">7</stflddv><stflddd><domname Sync="TRUE">Phase Designation</domname><domdesc Sync="TRUE"></domdesc><domtype Sync="TRUE">Coded Value</domtype><mrgtype Sync="TRUE">Default value</mrgtype><splttype Sync="TRUE">Duplicate</splttype><domowner Sync="TRUE">SPADMIN</domowner><domfldtp Sync="TRUE">Integer</domfldtp></stflddd></stfield><stfield><stfldnm Sync="TRUE">NOMINALVOLTAGE</stfldnm><stflddd><domname Sync="TRUE">Bus Bar Nominal Voltage</domname><domdesc Sync="TRUE"></domdesc><domtype Sync="TRUE">Coded Value</domtype><mrgtype Sync="TRUE">Default value</mrgtype><splttype Sync="TRUE">Duplicate</splttype><domowner Sync="TRUE">SPADMIN</domowner><domfldtp Sync="TRUE">Integer</domfldtp></stflddd></stfield><stfield><stfldnm Sync="TRUE">LINETYPE</stfldnm><stflddv Sync="TRUE">2</stflddv><stflddd><domname Sync="TRUE">Connector Line Type</domname><domdesc Sync="TRUE"></domdesc><domtype Sync="TRUE">Coded Value</domtype><mrgtype Sync="TRUE">Default value</mrgtype><splttype Sync="TRUE">Duplicate</splttype><domowner Sync="TRUE">SPADMIN</domowner><domfldtp Sync="TRUE">SmallInteger</domfldtp></stflddd></stfield><stfield><stfldnm Sync="TRUE">GND_SYMBOL</stfldnm><stflddv Sync="TRUE">1</stflddv></stfield></subtype></detailed></eainfo><mdDateSt Sync="TRUE">20100503</mdDateSt></metadata>
