<?xml version="1.0" encoding="UTF-8"?>
<metadata xml:lang="en"><Esri><CreaDate>20180426</CreaDate><CreaTime>09582800</CreaTime><SyncOnce>TRUE</SyncOnce><DataProperties><lineage><Process ToolSource="C:\Program Files\ArcGIS\ArcToolbox\Toolboxes\Cartography Tools.tbx\AddRepresentation" Date="20080401" Time="163903">AddRepresentation "Database Connections\SPADMIN on Production Run Migration.sde\SPADMIN.LVLink" GND_LVLink GND_SYMBOL GND_SHAPE STORE_CHANGE_AS_OVERRIDE Z:\Migrations\MigProdRun\ArcFM\GND\GND_symbols//LVLink.lyr NO_ASSIGN "Database Connections\SPADMIN on Production Run Migration.sde\SPADMIN.LVLink"</Process><Process ToolSource="C:\Program Files\ArcGIS\ArcToolbox\Toolboxes\Data Management Tools.tbx\AssignDefaultToField" Date="20080401" Time="165406">AssignDefaultToField "Database Connections\SPADMIN on Production Run Migration.sde\SPADMIN.LVLink" GND_SYMBOL 1 '1: Temporarily Closed/Normally Open' "Database Connections\SPADMIN on Production Run Migration.sde\SPADMIN.LVLink"</Process><Process ToolSource="C:\Program Files\ArcGIS\ArcToolbox\Toolboxes\Data Management Tools.tbx\AssignDefaultToField" Date="20080401" Time="165419">AssignDefaultToField "Database Connections\SPADMIN on Production Run Migration.sde\SPADMIN.LVLink" GND_SYMBOL 2 '2: Fused/Normally Open' "Database Connections\SPADMIN on Production Run Migration.sde\SPADMIN.LVLink"</Process><Process ToolSource="C:\Program Files\ArcGIS\ArcToolbox\Toolboxes\Data Management Tools.tbx\AssignDefaultToField" Date="20080401" Time="165431">AssignDefaultToField "Database Connections\SPADMIN on Production Run Migration.sde\SPADMIN.LVLink" GND_SYMBOL 3 '3: Temporarily Closed/Grid Open' "Database Connections\SPADMIN on Production Run Migration.sde\SPADMIN.LVLink"</Process><Process ToolSource="C:\Program Files\ArcGIS\ArcToolbox\Toolboxes\Data Management Tools.tbx\AssignDefaultToField" Date="20080401" Time="165444">AssignDefaultToField "Database Connections\SPADMIN on Production Run Migration.sde\SPADMIN.LVLink" GND_SYMBOL 4 '4: Fused/Grid Open' "Database Connections\SPADMIN on Production Run Migration.sde\SPADMIN.LVLink"</Process><Process ToolSource="C:\Program Files\ArcGIS\ArcToolbox\Toolboxes\Data Management Tools.tbx\AssignDefaultToField" Date="20080401" Time="165456">AssignDefaultToField "Database Connections\SPADMIN on Production Run Migration.sde\SPADMIN.LVLink" GND_SYMBOL 5 '5: Normally Closed' "Database Connections\SPADMIN on Production Run Migration.sde\SPADMIN.LVLink"</Process><Process ToolSource="C:\Program Files\ArcGIS\ArcToolbox\Toolboxes\Data Management Tools.tbx\AssignDefaultToField" Date="20080401" Time="165509">AssignDefaultToField "Database Connections\SPADMIN on Production Run Migration.sde\SPADMIN.LVLink" GND_SYMBOL 6 '6: Normally Closed Fused' "Database Connections\SPADMIN on Production Run Migration.sde\SPADMIN.LVLink"</Process><Process ToolSource="C:\Program Files\ArcGIS\ArcToolbox\Toolboxes\Data Management Tools.tbx\AssignDomainToField" Date="20080401" Time="165949">AssignDomainToField "Database Connections\SPADMIN on Production Run Migration.sde\SPADMIN.LVLink" GND_SYMBOL GND_LVLink_Rule_1 1 "Database Connections\SPADMIN on Production Run Migration.sde\SPADMIN.LVLink"</Process><Process ToolSource="C:\Program Files\ArcGIS\ArcToolbox\Toolboxes\Data Management Tools.tbx\AssignDomainToField" Date="20080401" Time="170003">AssignDomainToField "Database Connections\SPADMIN on Production Run Migration.sde\SPADMIN.LVLink" GND_SYMBOL GND_LVLink_Rule_2 2 "Database Connections\SPADMIN on Production Run Migration.sde\SPADMIN.LVLink"</Process><Process ToolSource="C:\Program Files\ArcGIS\ArcToolbox\Toolboxes\Data Management Tools.tbx\AssignDomainToField" Date="20080401" Time="170016">AssignDomainToField "Database Connections\SPADMIN on Production Run Migration.sde\SPADMIN.LVLink" GND_SYMBOL GND_LVLink_Rule_3 3 "Database Connections\SPADMIN on Production Run Migration.sde\SPADMIN.LVLink"</Process><Process ToolSource="C:\Program Files\ArcGIS\ArcToolbox\Toolboxes\Data Management Tools.tbx\AssignDomainToField" Date="20080401" Time="170030">AssignDomainToField "Database Connections\SPADMIN on Production Run Migration.sde\SPADMIN.LVLink" GND_SYMBOL GND_LVLink_Rule_4 4 "Database Connections\SPADMIN on Production Run Migration.sde\SPADMIN.LVLink"</Process><Process ToolSource="C:\Program Files\ArcGIS\ArcToolbox\Toolboxes\Data Management Tools.tbx\AssignDomainToField" Date="20080401" Time="170045">AssignDomainToField "Database Connections\SPADMIN on Production Run Migration.sde\SPADMIN.LVLink" GND_SYMBOL GND_LVLink_Rule_5 5 "Database Connections\SPADMIN on Production Run Migration.sde\SPADMIN.LVLink"</Process><Process ToolSource="C:\Program Files\ArcGIS\ArcToolbox\Toolboxes\Data Management Tools.tbx\AssignDomainToField" Date="20080401" Time="170059">AssignDomainToField "Database Connections\SPADMIN on Production Run Migration.sde\SPADMIN.LVLink" GND_SYMBOL GND_LVLink_Rule_6 6 "Database Connections\SPADMIN on Production Run Migration.sde\SPADMIN.LVLink"</Process><Process Name="Analyze_2" ToolSource="D:\Program Files\ArcGIS\ArcToolbox\Toolboxes\Data Management Tools.tbx\Analyze" Date="20080411" Time="131123">Analyze "Database Connections\Connection to cathlvgisdb01.sde\SPADMIN.EnergyNetworksFD\SPADMIN.LVLink" BUSINESS;FEATURE;ADDS;DELETES "Database Connections\Connection to cathlvgisdb01.sde\SPADMIN.EnergyNetworksFD\SPADMIN.LVLink"</Process><Process Name="Analyze_3" ToolSource="D:\Program Files\ArcGIS\ArcToolbox\Toolboxes\Data Management Tools.tbx\Analyze" Date="20080411" Time="132523">Analyze "Database Connections\Connection to cathlvgisdb01.sde\SPADMIN.EnergyNetworksFD\SPADMIN.LVLink" BUSINESS;FEATURE;ADDS;DELETES "Database Connections\Connection to cathlvgisdb01.sde\SPADMIN.EnergyNetworksFD\SPADMIN.LVLink"</Process><Process Name="Analyze_2" ToolSource="D:\Program Files\ArcGIS\ArcToolbox\Toolboxes\Data Management Tools.tbx\Analyze" Date="20090324" Time="173633">Analyze "Database Connections\GISNETP SPADMIN.sde\SPADMIN.EnergyNetworksFD\SPADMIN.LVLink" BUSINESS;FEATURE;ADDS;DELETES "Database Connections\GISNETP SPADMIN.sde\SPADMIN.EnergyNetworksFD\SPADMIN.LVLink"</Process><Process ToolSource="d:\program files (x86)\arcgis\desktop10.4\ArcToolbox\Toolboxes\Data Management Tools.tbx\AddField" Date="20180102" Time="105435">AddField C:\Users\ae423686\AppData\Roaming\ESRI\Desktop10.4\ArcCatalog\spadmin_t_esriap.sde\SPADMIN.LVLink SPJOBREFNO TEXT # # 15 "Job Ref Number" NULLABLE NON_REQUIRED #</Process><Process ToolSource="d:\program files (x86)\arcgis\desktop10.4\ArcToolbox\Toolboxes\Data Management Tools.tbx\AddField" Date="20180102" Time="105447">AddField C:\Users\ae423686\AppData\Roaming\ESRI\Desktop10.4\ArcCatalog\spadmin_t_esriap.sde\SPADMIN.LVLink SP_PERMCHG TEXT # # 255 "Permanent Change?" NULLABLE NON_REQUIRED #</Process><Process ToolSource="d:\program files (x86)\arcgis\desktop10.4\ArcToolbox\Toolboxes\Data Management Tools.tbx\AddField" Date="20180102" Time="105455">AddField C:\Users\ae423686\AppData\Roaming\ESRI\Desktop10.4\ArcCatalog\spadmin_t_esriap.sde\SPADMIN.LVLink SP_DESCRIPTION TEXT # # 255 Comments NULLABLE NON_REQUIRED #</Process><Process ToolSource="d:\program files (x86)\arcgis\desktop10.4\ArcToolbox\Toolboxes\Data Management Tools.tbx\AddField" Date="20180102" Time="105504">AddField C:\Users\ae423686\AppData\Roaming\ESRI\Desktop10.4\ArcCatalog\spadmin_t_esriap.sde\SPADMIN.LVLink SPENGINEER TEXT # # 255 "Responsible Engineer" NULLABLE NON_REQUIRED #</Process><Process ToolSource="d:\program files (x86)\arcgis\desktop10.4\ArcToolbox\Toolboxes\Data Management Tools.tbx\AddField" Date="20180102" Time="105512">AddField C:\Users\ae423686\AppData\Roaming\ESRI\Desktop10.4\ArcCatalog\spadmin_t_esriap.sde\SPADMIN.LVLink SPDATETIME DATE # # # "Date Changed" NULLABLE NON_REQUIRED #</Process></lineage></DataProperties><ArcGISFormat>1.0</ArcGISFormat></Esri></metadata>
