<?xml version="1.0" encoding="UTF-8"?>
<metadata xml:lang="en"><Esri><CreaDate>20180426</CreaDate><CreaTime>10000600</CreaTime><SyncOnce>FALSE</SyncOnce><DataProperties><lineage><Process ToolSource="C:\Program Files\ArcGIS\ArcToolbox\Toolboxes\Cartography Tools.tbx\AddRepresentation" Date="20080401" Time="163821">AddRepresentation "Database Connections\SPADMIN on Production Run Migration.sde\SPADMIN.LVOHLine" GND_LVOHLine GND_SYMBOL GND_SHAPE STORE_CHANGE_AS_OVERRIDE Z:\Migrations\MigProdRun\ArcFM\GND\GND_symbols//LVOHLine.lyr NO_ASSIGN "Database Connections\SPADMIN on Production Run Migration.sde\SPADMIN.LVOHLine"</Process><Process ToolSource="C:\Program Files\ArcGIS\ArcToolbox\Toolboxes\Data Management Tools.tbx\AssignDefaultToField" Date="20080401" Time="165045">AssignDefaultToField "Database Connections\SPADMIN on Production Run Migration.sde\SPADMIN.LVOHLine" GND_SYMBOL 1 '1: LV OHLline Phase One';'3: LV OHLline Phase Three';'2: LV OHLline Phase Two' "Database Connections\SPADMIN on Production Run Migration.sde\SPADMIN.LVOHLine"</Process><Process ToolSource="D:\Program Files\ArcGIS\ArcToolbox\Toolboxes\Data Management Tools.tbx\AddField" Date="20091205" Time="121857">AddField "Database Connections\GISNETP SPADMIN.sde\SPADMIN.EnergyNetworksFD/SPADMIN.LVOHLine" SPCIRCUITENID LONG # # # "SP Static Circuit ENID" NULLABLE NON_REQUIRED # "Database Connections\GISNETP SPADMIN.sde\SPADMIN.EnergyNetworksFD/SPADMIN.LVOHLine"</Process><Process ToolSource="D:\Program Files\ArcGIS\ArcToolbox\Toolboxes\Data Management Tools.tbx\AssignDomainToField" Date="20091205" Time="121917">AssignDomainToField "Database Connections\GISNETP SPADMIN.sde\SPADMIN.EnergyNetworksFD/SPADMIN.LVOHLine" SPCIRCUITENID Circuits 1;2;3 "Database Connections\GISNETP SPADMIN.sde\SPADMIN.EnergyNetworksFD/SPADMIN.LVOHLine"</Process><Process ToolSource="D:\Program Files (x86)\ArcGIS\Desktop10.0\ArcToolbox\Toolboxes\Data Management Tools.tbx\CalculateField" Date="20141206" Time="190631">CalculateField "LV OHLine" SPOWNEDBY "SP" VB #</Process><Process ToolSource="D:\Program Files (x86)\ArcGIS\Desktop10.0\ArcToolbox\Toolboxes\Data Management Tools.tbx\CalculateField" Date="20150114" Time="124048">CalculateField "LV OHLine" SPLICENCEAREA "SPD" VB #</Process><Process ToolSource="D:\Program Files (x86)\ArcGIS\Desktop10.0\ArcToolbox\Toolboxes\Data Management Tools.tbx\CalculateField" Date="20150114" Time="124220">CalculateField "LV OHLine" SPLICENCEAREA "SPM" VB #</Process><Process ToolSource="D:\Program Files (x86)\ArcGIS\Desktop10.0\ArcToolbox\Toolboxes\Data Management Tools.tbx\AddField" Date="20160205" Time="181428">AddField SPADMINxxx.sde\LVOHLine SPZONE TEXT # # 255 "SP Zone" NULLABLE NON_REQUIRED #</Process><Process ToolSource="D:\Program Files (x86)\ArcGIS\Desktop10.0\ArcToolbox\Toolboxes\Data Management Tools.tbx\CalculateField" Date="20170306" Time="134650">CalculateField "LV OHLine" SPINSTALLEDBY "Duttons Contractors" VB #</Process><Process ToolSource="D:\Program Files (x86)\ArcGIS\Desktop10.0\ArcToolbox\Toolboxes\Data Management Tools.tbx\CalculateField" Date="20170306" Time="134739">CalculateField "LV OHLine" SPINSTALLEDBY "Duttons Contractors" VB #</Process><Process ToolSource="D:\Program Files (x86)\ArcGIS\Desktop10.0\ArcToolbox\Toolboxes\Data Management Tools.tbx\CalculateField" Date="20170306" Time="134812">CalculateField "LV OHLine" SPINSTALLEDBY "Duttons Contractors" VB #</Process><Process ToolSource="D:\Program Files (x86)\ArcGIS\Desktop10.0\ArcToolbox\Toolboxes\Data Management Tools.tbx\CalculateField" Date="20170306" Time="134845">CalculateField "LV OHLine" SPINSTALLEDBY "Duttons Contractors" VB #</Process><Process ToolSource="D:\Program Files (x86)\ArcGIS\Desktop10.0\ArcToolbox\Toolboxes\Data Management Tools.tbx\CalculateField" Date="20170607" Time="111712">CalculateField "LV OHLine" SPINSTALLEDBY "Dutton’s Contractors" VB #</Process><Process ToolSource="D:\Program Files (x86)\ArcGIS\Desktop10.0\ArcToolbox\Toolboxes\Data Management Tools.tbx\CalculateField" Date="20170607" Time="111757">CalculateField "LV OHLine" SPINSTALLEDBY "Dutton’s Contractors" VB #</Process><Process ToolSource="D:\Program Files (x86)\ArcGIS\Desktop10.0\ArcToolbox\Toolboxes\Data Management Tools.tbx\CalculateField" Date="20170607" Time="111954">CalculateField "LV OHLine" SPINSTALLEDBY "IQA" VB #</Process><Process ToolSource="D:\Program Files (x86)\ArcGIS\Desktop10.0\ArcToolbox\Toolboxes\Data Management Tools.tbx\CalculateField" Date="20170607" Time="112024">CalculateField "LV OHLine" SPINSTALLEDBY "IQA" VB #</Process><Process ToolSource="D:\Program Files (x86)\ArcGIS\Desktop10.0\ArcToolbox\Toolboxes\Data Management Tools.tbx\CalculateField" Date="20170607" Time="112610">CalculateField "LV OHLine" SPINSTALLEDBY "Overlec" VB #</Process><Process ToolSource="D:\Program Files (x86)\ArcGIS\Desktop10.0\ArcToolbox\Toolboxes\Data Management Tools.tbx\CalculateField" Date="20170607" Time="113155">CalculateField "LV OHLine" SPINSTALLEDBY "O`Connor Utilities" VB #</Process><Process ToolSource="D:\Program Files (x86)\ArcGIS\Desktop10.0\ArcToolbox\Toolboxes\Data Management Tools.tbx\CalculateField" Date="20170607" Time="113407">CalculateField "LV OHLine" SPINSTALLEDBY "O`Connor Utilities" VB #</Process><Process ToolSource="D:\Program Files (x86)\ArcGIS\Desktop10.0\ArcToolbox\Toolboxes\Data Management Tools.tbx\CalculateField" Date="20170607" Time="113542">CalculateField "LV OHLine" SPINSTALLEDBY ""O'Connor Utilities"" VB #</Process><Process ToolSource="D:\Program Files (x86)\ArcGIS\Desktop10.0\ArcToolbox\Toolboxes\Data Management Tools.tbx\CalculateField" Date="20170607" Time="114129">CalculateField "LV OHLine" SPINSTALLEDBY "Voltcom Construction" VB #</Process><Process ToolSource="D:\Program Files (x86)\ArcGIS\Desktop10.0\ArcToolbox\Toolboxes\Data Management Tools.tbx\CalculateField" Date="20170607" Time="114206">CalculateField "LV OHLine" SPINSTALLEDBY "Voltcom Construction" VB #</Process><Process ToolSource="d:\program files (x86)\arcgis\desktop10.2\ArcToolbox\Toolboxes\Data Management Tools.tbx\AlterField" Date="20180102" Time="115811">AlterField d:\esriuk\NAMSDataUpdate\NAMSDataModelMTV\Validation\ValidationDataModelChangesWS.sde\EnergyNetworksFD\LVOHLine SPCIRCUITENID # "Static Circuit"</Process><Process ToolSource="d:\program files (x86)\arcgis\desktop10.2\ArcToolbox\Toolboxes\Data Management Tools.tbx\AddField" Date="20180102" Time="131840">AddField "Database Connections\T_ESRIAP as spadmin.sde\EnergyNetworksFD\SPADMIN.LVOHLine" EDITREASON TEXT # # 5 "Edit Reason" NULLABLE NON_REQUIRED #</Process><Process ToolSource="d:\program files (x86)\arcgis\desktop10.2\ArcToolbox\Toolboxes\Data Management Tools.tbx\AddField" Date="20180102" Time="131959">AddField "Database Connections\T_ESRIAP as spadmin.sde\EnergyNetworksFD\SPADMIN.LVOHLine" PROJECTID TEXT # # 12 ProjectID NULLABLE NON_REQUIRED #</Process><Process ToolSource="d:\program files (x86)\arcgis\desktop10.2\ArcToolbox\Toolboxes\Data Management Tools.tbx\AddField" Date="20180102" Time="132113">AddField "Database Connections\T_ESRIAP as spadmin.sde\EnergyNetworksFD\SPADMIN.LVOHLine" SPCOMMISSIONDATE DATE # # 0 "Commission Date" NULLABLE NON_REQUIRED #</Process><Process ToolSource="d:\program files (x86)\arcgis\desktop10.2\ArcToolbox\Toolboxes\Data Management Tools.tbx\AddField" Date="20180102" Time="132202">AddField "Database Connections\T_ESRIAP as spadmin.sde\EnergyNetworksFD\SPADMIN.LVOHLine" TRU TEXT # # 10 "Technical Regulatory Unit" NULLABLE NON_REQUIRED #</Process><Process ToolSource="d:\program files (x86)\arcgis\desktop10.2\ArcToolbox\Toolboxes\Data Management Tools.tbx\AssignDomainToField" Date="20180102" Time="132321">AssignDomainToField "Database Connections\T_ESRIAP as spadmin.sde\EnergyNetworksFD\SPADMIN.LVOHLine" EDITREASON EditReason #</Process><Process ToolSource="d:\program files (x86)\arcgis\desktop10.2\ArcToolbox\Toolboxes\Data Management Tools.tbx\AssignDomainToField" Date="20180102" Time="132325">AssignDomainToField "Database Connections\T_ESRIAP as spadmin.sde\EnergyNetworksFD\SPADMIN.LVOHLine" EDITREASON EditReason '1: LV OHLline Phase One';'2: LV OHLline Phase Two';'3: LV OHLline Phase Three'</Process><Process ToolSource="d:\program files (x86)\arcgis\desktop10.2\ArcToolbox\Toolboxes\Data Management Tools.tbx\AssignDomainToField" Date="20180102" Time="132656">AssignDomainToField "Database Connections\T_ESRIAP as spadmin.sde\EnergyNetworksFD\SPADMIN.LVOHLine" TRU "TRU LVOHLine" #</Process><Process ToolSource="d:\program files (x86)\arcgis\desktop10.2\ArcToolbox\Toolboxes\Data Management Tools.tbx\AssignDomainToField" Date="20180102" Time="132700">AssignDomainToField "Database Connections\T_ESRIAP as spadmin.sde\EnergyNetworksFD\SPADMIN.LVOHLine" TRU "TRU LVOHLine" '1: LV OHLline Phase One';'2: LV OHLline Phase Two';'3: LV OHLline Phase Three'</Process><Process ToolSource="d:\program files (x86)\arcgis\desktop10.2\ArcToolbox\Toolboxes\Data Management Tools.tbx\AssignDefaultToField" Date="20180102" Time="132752">AssignDefaultToField "Database Connections\T_ESRIAP as spadmin.sde\EnergyNetworksFD\SPADMIN.LVOHLine" SPSTATUS BD #</Process><Process ToolSource="d:\program files (x86)\arcgis\desktop10.2\ArcToolbox\Toolboxes\Data Management Tools.tbx\AssignDefaultToField" Date="20180102" Time="132753">AssignDefaultToField "Database Connections\T_ESRIAP as spadmin.sde\EnergyNetworksFD\SPADMIN.LVOHLine" SPSTATUS BD '1: LV OHLline Phase One';'2: LV OHLline Phase Two';'3: LV OHLline Phase Three'</Process></lineage></DataProperties><SyncDate>20120113</SyncDate><SyncTime>11112600</SyncTime><ModDate>20120113</ModDate><ModTime>11112600</ModTime><ArcGISFormat>1.0</ArcGISFormat></Esri><idinfo><native Sync="TRUE">Microsoft Windows 2000 Version 5.2 (Build 3790) Service Pack 2; ESRI ArcCatalog 9.3.1.3500</native><descript><langdata Sync="TRUE">en</langdata><abstract>REQUIRED: A brief narrative summary of the data set.</abstract><purpose>REQUIRED: A summary of the intentions with which the data set was developed.</purpose></descript><citation><citeinfo><origin>REQUIRED: The name of an organization or individual that developed the data set.</origin><pubdate>REQUIRED: The date when the data set is published or otherwise made available for release.</pubdate><title Sync="TRUE">SPADMIN.LVOHLine</title><ftname Sync="TRUE">SPADMIN.LVOHLine</ftname><geoform Sync="TRUE">vector digital data</geoform><onlink Sync="TRUE">Server=cathlvgisdb01; Service=sde:oracle10g:/;LOCAL=T_GISNETP; User=SPADMIN; Version=SDE.DEFAULT</onlink></citeinfo></citation><timeperd><current>REQUIRED: The basis on which the time period of content information is determined.</current><timeinfo><sngdate><caldate>REQUIRED: The year (and optionally month, or month and day) for which the data set corresponds to the ground.</caldate></sngdate></timeinfo></timeperd><status><progress>REQUIRED: The state of the data set.</progress><update>REQUIRED: The frequency with which changes and additions are made to the data set after the initial data set is completed.</update></status><spdom><bounding><westbc Sync="TRUE">-5.297021</westbc><eastbc Sync="TRUE">-1.787428</eastbc><northbc Sync="TRUE">56.456257</northbc><southbc Sync="TRUE">52.242972</southbc></bounding><lboundng><leftbc Sync="TRUE">196630.484000</leftbc><rightbc Sync="TRUE">413099.829000</rightbc><bottombc Sync="TRUE">264757.829000</bottombc><topbc Sync="TRUE">729333.365000</topbc></lboundng></spdom><keywords><theme><themekt>REQUIRED: Reference to a formally registered thesaurus or a similar authoritative source of theme keywords.</themekt><themekey>REQUIRED: Common-use word or phrase used to describe the subject of the data set.</themekey></theme></keywords><accconst>REQUIRED: Restrictions and legal prerequisites for accessing the data set.</accconst><useconst>REQUIRED: Restrictions and legal prerequisites for using the data set after access is granted.</useconst><natvform Sync="TRUE">SDE Feature Class</natvform></idinfo><dataIdInfo><envirDesc Sync="TRUE">Microsoft Windows 2000 Version 5.2 (Build 3790) Service Pack 2; ESRI ArcCatalog 9.3.1.3500</envirDesc><dataLang><languageCode Sync="TRUE" value="en"></languageCode></dataLang><idCitation><resTitle Sync="TRUE">SPADMIN.LVOHLine</resTitle><presForm><PresFormCd Sync="TRUE" value="005"></PresFormCd></presForm></idCitation><spatRpType><SpatRepTypCd Sync="TRUE" value="001"></SpatRepTypCd></spatRpType><dataExt><geoEle><GeoBndBox esriExtentType="native"><westBL Sync="TRUE">196630.484</westBL><eastBL Sync="TRUE">413099.829</eastBL><northBL Sync="TRUE">729333.365</northBL><southBL Sync="TRUE">264757.829</southBL><exTypeCode Sync="TRUE">1</exTypeCode></GeoBndBox></geoEle></dataExt><geoBox esriExtentType="decdegrees"><westBL Sync="TRUE">-5.297021</westBL><eastBL Sync="TRUE">-1.787428</eastBL><northBL Sync="TRUE">56.456257</northBL><southBL Sync="TRUE">52.242972</southBL><exTypeCode Sync="TRUE">1</exTypeCode></geoBox></dataIdInfo><metainfo><langmeta Sync="TRUE">en</langmeta><metstdn Sync="TRUE">FGDC Content Standards for Digital Geospatial Metadata</metstdn><metstdv Sync="TRUE">FGDC-STD-001-1998</metstdv><mettc Sync="TRUE">local time</mettc><metextns><onlink Sync="TRUE">http://www.esri.com/metadata/esriprof80.html</onlink><metprof Sync="TRUE">ESRI Metadata Profile</metprof></metextns><metc><cntinfo><cntorgp><cntper>REQUIRED: The person responsible for the metadata information.</cntper><cntorg>REQUIRED: The organization responsible for the metadata information.</cntorg></cntorgp><cntaddr><addrtype>REQUIRED: The mailing and/or physical address for the organization or individual.</addrtype><city>REQUIRED: The city of the address.</city><state>REQUIRED: The state or province of the address.</state><postal>REQUIRED: The ZIP or other postal code of the address.</postal></cntaddr><cntvoice>REQUIRED: The telephone number by which individuals can speak to the organization or individual.</cntvoice></cntinfo></metc><metd Sync="TRUE">20120113</metd></metainfo><mdLang><languageCode Sync="TRUE" value="en"></languageCode></mdLang><mdStanName Sync="TRUE">ISO 19115 Geographic Information - Metadata</mdStanName><mdStanVer Sync="TRUE">DIS_ESRI1.0</mdStanVer><mdChar><CharSetCd Sync="TRUE" value="004"></CharSetCd></mdChar><mdHrLv><ScopeCd Sync="TRUE" value="005"></ScopeCd></mdHrLv><mdHrLvName Sync="TRUE">dataset</mdHrLvName><GEMINI_Metadata><IdentificationInfo><spatialRepresentationType codeList="001"></spatialRepresentationType><extent><geographicElement><westBoundLongitude>-5.297021</westBoundLongitude><eastBoundLongitude>-1.787427</eastBoundLongitude><northBoundLatitude>56.456256</northBoundLatitude><southBoundLatitude>52.242972</southBoundLatitude></geographicElement></extent></IdentificationInfo><dateStamp>20120113</dateStamp><metadataStandardName>UK GEMINI Standard</metadataStandardName><metadataStandardVersion>1.0</metadataStandardVersion><referenceSystemInfo><referenceSystemIdentifier><code>001</code></referenceSystemIdentifier></referenceSystemInfo></GEMINI_Metadata><distinfo><resdesc Sync="TRUE">Downloadable Data</resdesc></distinfo><distInfo><distributor><distorTran><onLineSrc><orDesc Sync="TRUE">002</orDesc><linkage Sync="TRUE">Server=cathlvgisdb01; Service=sde:oracle10g:/;LOCAL=T_GISNETP; User=SPADMIN; Version=SDE.DEFAULT</linkage><protocol Sync="TRUE">ArcSDE Connection</protocol></onLineSrc></distorTran><distorFormat><formatName Sync="TRUE">SDE Feature Class</formatName></distorFormat></distributor></distInfo><spdoinfo><direct Sync="TRUE">Vector</direct><ptvctinf><esriterm Name="SPADMIN.LVOHLine"><efeatyp Sync="TRUE">Complex Edge</efeatyp><efeageom Sync="TRUE">Polyline</efeageom><esritopo Sync="TRUE">TRUE</esritopo><efeacnt Sync="TRUE">235916</efeacnt><spindex Sync="TRUE">TRUE</spindex><linrefer Sync="TRUE">FALSE</linrefer><netwrole Sync="TRUE">None</netwrole></esriterm><sdtsterm Name="SPADMIN.LVOHLine"><sdtstype Sync="TRUE">String</sdtstype><ptvctcnt Sync="TRUE">235916</ptvctcnt></sdtsterm></ptvctinf></spdoinfo><spref><horizsys><cordsysn><geogcsn Sync="TRUE">GCS_OSGB_1936</geogcsn><projcsn Sync="TRUE">British_National_Grid</projcsn></cordsysn><planar><mapproj><mapprojn Sync="TRUE">Transverse Mercator</mapprojn><transmer><sfctrmer Sync="TRUE">0.999601</sfctrmer><longcm Sync="TRUE">-2.000000</longcm><latprjo Sync="TRUE">49.000000</latprjo><feast Sync="TRUE">400000.000000</feast><fnorth Sync="TRUE">-100000.000000</fnorth></transmer></mapproj><planci><plance Sync="TRUE">coordinate pair</plance><plandu Sync="TRUE">meters</plandu><coordrep><absres Sync="TRUE">0.000100</absres><ordres Sync="TRUE">0.000100</ordres></coordrep></planci></planar><geodetic><horizdn Sync="TRUE">D_OSGB_1936</horizdn><ellips Sync="TRUE">Airy_1830</ellips><semiaxis Sync="TRUE">6377563.396000</semiaxis><denflat Sync="TRUE">299.324965</denflat></geodetic></horizsys><vertdef><altsys><altenc Sync="TRUE">Explicit elevation coordinate included with horizontal coordinates</altenc><altres Sync="TRUE">1.000000</altres></altsys></vertdef></spref><refSysInfo><RefSystem><refSysID><identCode Sync="TRUE">British_National_Grid</identCode></refSysID></RefSystem></refSysInfo><spatRepInfo><VectSpatRep><topLvl><TopoLevCd Sync="TRUE" value="002"></TopoLevCd></topLvl><geometObjs Name="SPADMIN.LVOHLine"><geoObjTyp><GeoObjTypCd Sync="TRUE" value="001"></GeoObjTypCd></geoObjTyp><geoObjCnt Sync="TRUE">235916</geoObjCnt></geometObjs></VectSpatRep></spatRepInfo><eainfo><detailed Name="SPADMIN.LVOHLine"><enttyp><enttypl Sync="TRUE">SPADMIN.LVOHLine</enttypl><enttypt Sync="TRUE">Feature Class</enttypt><enttypc Sync="TRUE">235916</enttypc></enttyp><attr><attrlabl Sync="TRUE">OBJECTID</attrlabl><attalias Sync="TRUE">OBJECTID</attalias><attrtype Sync="TRUE">OID</attrtype><attwidth Sync="TRUE">4</attwidth><atprecis Sync="TRUE">10</atprecis><attscale Sync="TRUE">0</attscale><attrdef Sync="TRUE">Internal feature number.</attrdef><attrdefs Sync="TRUE">ESRI</attrdefs><attrdomv><udom Sync="TRUE">Sequential unique whole numbers that are automatically generated.</udom></attrdomv></attr><attr><attrlabl Sync="TRUE">ENABLED</attrlabl><attalias Sync="TRUE">ENABLED</attalias><attrtype Sync="TRUE">SmallInteger</attrtype><attwidth Sync="TRUE">2</attwidth><atprecis Sync="TRUE">5</atprecis><attscale Sync="TRUE">0</attscale></attr><attr><attrlabl Sync="TRUE">CREATIONUSER</attrlabl><attalias Sync="TRUE">Creation User</attalias><attrtype Sync="TRUE">String</attrtype><attwidth Sync="TRUE">50</attwidth><atprecis Sync="TRUE">0</atprecis><attscale Sync="TRUE">0</attscale></attr><attr><attrlabl Sync="TRUE">DATECREATED</attrlabl><attalias Sync="TRUE">Date Created</attalias><attrtype Sync="TRUE">Date</attrtype><attwidth Sync="TRUE">36</attwidth><atprecis Sync="TRUE">0</atprecis><attscale Sync="TRUE">0</attscale></attr><attr><attrlabl Sync="TRUE">DATEMODIFIED</attrlabl><attalias Sync="TRUE">Date Modified</attalias><attrtype Sync="TRUE">Date</attrtype><attwidth Sync="TRUE">36</attwidth><atprecis Sync="TRUE">0</atprecis><attscale Sync="TRUE">0</attscale></attr><attr><attrlabl Sync="TRUE">LASTUSER</attrlabl><attalias Sync="TRUE">Last User</attalias><attrtype Sync="TRUE">String</attrtype><attwidth Sync="TRUE">50</attwidth><atprecis Sync="TRUE">0</atprecis><attscale Sync="TRUE">0</attscale></attr><attr><attrlabl Sync="TRUE">GLOBALID</attrlabl><attalias Sync="TRUE">GlobalID</attalias><attrtype Sync="TRUE">GlobalID</attrtype><attwidth Sync="TRUE">38</attwidth><atprecis Sync="TRUE">0</atprecis><attscale Sync="TRUE">0</attscale></attr><attr><attrlabl Sync="TRUE">MEASUREDLENGTH</attrlabl><attalias Sync="TRUE">Measured Length</attalias><attrtype Sync="TRUE">Double</attrtype><attwidth Sync="TRUE">8</attwidth><atprecis Sync="TRUE">38</atprecis><attscale Sync="TRUE">8</attscale></attr><attr><attrlabl Sync="TRUE">SPLABELHIDE</attrlabl><attalias Sync="TRUE">Hide Label</attalias><attrtype Sync="TRUE">SmallInteger</attrtype><attwidth Sync="TRUE">2</attwidth><atprecis Sync="TRUE">5</atprecis><attscale Sync="TRUE">0</attscale></attr><attr><attrlabl Sync="TRUE">PARENTCIRCUITSOURCEID</attrlabl><attalias Sync="TRUE">Parent Circuit Source ID</attalias><attrtype Sync="TRUE">Integer</attrtype><attwidth Sync="TRUE">4</attwidth><atprecis Sync="TRUE">10</atprecis><attscale Sync="TRUE">0</attscale></attr><attr><attrlabl Sync="TRUE">SPOBJECT</attrlabl><attalias Sync="TRUE">ENID</attalias><attrtype Sync="TRUE">Integer</attrtype><attwidth Sync="TRUE">4</attwidth><atprecis Sync="TRUE">10</atprecis><attscale Sync="TRUE">0</attscale></attr><attr><attrlabl Sync="TRUE">PHASEDESIGNATION</attrlabl><attalias Sync="TRUE">Phase Designation</attalias><attrtype Sync="TRUE">Integer</attrtype><attwidth Sync="TRUE">4</attwidth><atprecis Sync="TRUE">10</atprecis><attscale Sync="TRUE">0</attscale></attr><attr><attrlabl Sync="TRUE">FEEDERID</attrlabl><attalias Sync="TRUE">Feeder ID</attalias><attrtype Sync="TRUE">String</attrtype><attwidth Sync="TRUE">20</attwidth><atprecis Sync="TRUE">0</atprecis><attscale Sync="TRUE">0</attscale></attr><attr><attrlabl Sync="TRUE">FEEDERID2</attrlabl><attalias Sync="TRUE">Feeder ID 2</attalias><attrtype Sync="TRUE">String</attrtype><attwidth Sync="TRUE">20</attwidth><atprecis Sync="TRUE">0</atprecis><attscale Sync="TRUE">0</attscale></attr><attr><attrlabl Sync="TRUE">ELECTRICTRACEWEIGHT</attrlabl><attalias Sync="TRUE">Electric Trace Weight</attalias><attrtype Sync="TRUE">Integer</attrtype><attwidth Sync="TRUE">4</attwidth><atprecis Sync="TRUE">10</atprecis><attscale Sync="TRUE">0</attscale></attr><attr><attrlabl Sync="TRUE">FEEDERINFO</attrlabl><attalias Sync="TRUE">Feeder Information</attalias><attrtype Sync="TRUE">Integer</attrtype><attwidth Sync="TRUE">4</attwidth><atprecis Sync="TRUE">10</atprecis><attscale Sync="TRUE">0</attscale></attr><attr><attrlabl Sync="TRUE">CONDUCTORSIZE</attrlabl><attalias Sync="TRUE">Conductor Size</attalias><attrtype Sync="TRUE">String</attrtype><attwidth Sync="TRUE">5</attwidth><atprecis Sync="TRUE">0</atprecis><attscale Sync="TRUE">0</attscale></attr><attr><attrlabl Sync="TRUE">INSULATIONTYPE</attrlabl><attalias Sync="TRUE">Insulation Type</attalias><attrtype Sync="TRUE">String</attrtype><attwidth Sync="TRUE">5</attwidth><atprecis Sync="TRUE">0</atprecis><attscale Sync="TRUE">0</attscale></attr><attr><attrlabl Sync="TRUE">NEUTRALMATERIAL</attrlabl><attalias Sync="TRUE">Neutral Material</attalias><attrtype Sync="TRUE">String</attrtype><attwidth Sync="TRUE">5</attwidth><atprecis Sync="TRUE">0</atprecis><attscale Sync="TRUE">0</attscale></attr><attr><attrlabl Sync="TRUE">NEUTRALSIZE</attrlabl><attalias Sync="TRUE">Neutral Size</attalias><attrtype Sync="TRUE">String</attrtype><attwidth Sync="TRUE">5</attwidth><atprecis Sync="TRUE">0</atprecis><attscale Sync="TRUE">0</attscale></attr><attr><attrlabl Sync="TRUE">NUMBERCONDUCTORSPERPHASE</attrlabl><attalias Sync="TRUE">Number of Conductors per Phase</attalias><attrtype Sync="TRUE">Integer</attrtype><attwidth Sync="TRUE">4</attwidth><atprecis Sync="TRUE">10</atprecis><attscale Sync="TRUE">0</attscale></attr><attr><attrlabl Sync="TRUE">LABELTEXT</attrlabl><attalias Sync="TRUE">Label Text</attalias><attrtype Sync="TRUE">String</attrtype><attwidth Sync="TRUE">100</attwidth><atprecis Sync="TRUE">0</atprecis><attscale Sync="TRUE">0</attscale></attr><attr><attrlabl Sync="TRUE">SPINSTALLED</attrlabl><attalias Sync="TRUE">Installation Date</attalias><attrtype Sync="TRUE">Date</attrtype><attwidth Sync="TRUE">36</attwidth><atprecis Sync="TRUE">0</atprecis><attscale Sync="TRUE">0</attscale></attr><attr><attrlabl Sync="TRUE">SPINSTALLEDBY</attrlabl><attalias Sync="TRUE">Installed By</attalias><attrtype Sync="TRUE">String</attrtype><attwidth Sync="TRUE">25</attwidth><atprecis Sync="TRUE">0</atprecis><attscale Sync="TRUE">0</attscale></attr><attr><attrlabl Sync="TRUE">SPNUMOFPHASES</attrlabl><attalias Sync="TRUE">Number of Phases</attalias><attrtype Sync="TRUE">Integer</attrtype><attwidth Sync="TRUE">4</attwidth><atprecis Sync="TRUE">9</atprecis><attscale Sync="TRUE">0</attscale></attr><attr><attrlabl Sync="TRUE">SPOWNEDBY</attrlabl><attalias Sync="TRUE">Owned By</attalias><attrtype Sync="TRUE">String</attrtype><attwidth Sync="TRUE">255</attwidth><atprecis Sync="TRUE">0</atprecis><attscale Sync="TRUE">0</attscale></attr><attr><attrlabl Sync="TRUE">SPTRANSREF</attrlabl><attalias Sync="TRUE">Transmission Reference</attalias><attrtype Sync="TRUE">String</attrtype><attwidth Sync="TRUE">255</attwidth><atprecis Sync="TRUE">0</atprecis><attscale Sync="TRUE">0</attscale></attr><attr><attrlabl Sync="TRUE">SPASSUMEDATTR</attrlabl><attalias Sync="TRUE">Assumed attribute</attalias><attrtype Sync="TRUE">String</attrtype><attwidth Sync="TRUE">1</attwidth><atprecis Sync="TRUE">0</atprecis><attscale Sync="TRUE">0</attscale></attr><attr><attrlabl Sync="TRUE">SPSTATUS</attrlabl><attalias Sync="TRUE">Status</attalias><attrtype Sync="TRUE">String</attrtype><attwidth Sync="TRUE">2</attwidth><atprecis Sync="TRUE">0</atprecis><attscale Sync="TRUE">0</attscale></attr><attr><attrlabl Sync="TRUE">SPACTIVITYCODE</attrlabl><attalias Sync="TRUE">Activity Code</attalias><attrtype Sync="TRUE">String</attrtype><attwidth Sync="TRUE">15</attwidth><atprecis Sync="TRUE">0</atprecis><attscale Sync="TRUE">0</attscale></attr><attr><attrlabl Sync="TRUE">SPFINANCIALCODE</attrlabl><attalias Sync="TRUE">Financial Code</attalias><attrtype Sync="TRUE">String</attrtype><attwidth Sync="TRUE">15</attwidth><atprecis Sync="TRUE">0</atprecis><attscale Sync="TRUE">0</attscale></attr><attr><attrlabl Sync="TRUE">SPFNAME</attrlabl><attalias Sync="TRUE">FName</attalias><attrtype Sync="TRUE">Integer</attrtype><attwidth Sync="TRUE">4</attwidth><atprecis Sync="TRUE">9</atprecis><attscale Sync="TRUE">0</attscale></attr><attr><attrlabl Sync="TRUE">SPLNAME</attrlabl><attalias Sync="TRUE">LName</attalias><attrtype Sync="TRUE">Integer</attrtype><attwidth Sync="TRUE">4</attwidth><atprecis Sync="TRUE">9</atprecis><attscale Sync="TRUE">0</attscale></attr><attr><attrlabl Sync="TRUE">CONDUCTORMATERIAL</attrlabl><attalias Sync="TRUE">Conductor Material</attalias><attrtype Sync="TRUE">String</attrtype><attwidth Sync="TRUE">20</attwidth><atprecis Sync="TRUE">0</atprecis><attscale Sync="TRUE">0</attscale></attr><attr><attrlabl Sync="TRUE">SPAERIALEARTHFLAG</attrlabl><attalias Sync="TRUE">Aerial Earth Flag</attalias><attrtype Sync="TRUE">String</attrtype><attwidth Sync="TRUE">1</attwidth><atprecis Sync="TRUE">0</atprecis><attscale Sync="TRUE">0</attscale></attr><attr><attrlabl Sync="TRUE">SPAUXILLIARIES</attrlabl><attalias Sync="TRUE">Auxilliary</attalias><attrtype Sync="TRUE">String</attrtype><attwidth Sync="TRUE">255</attwidth><atprecis Sync="TRUE">0</atprecis><attscale Sync="TRUE">0</attscale></attr><attr><attrlabl Sync="TRUE">SPSPEC</attrlabl><attalias Sync="TRUE">BS Specification</attalias><attrtype Sync="TRUE">String</attrtype><attwidth Sync="TRUE">255</attwidth><atprecis Sync="TRUE">0</atprecis><attscale Sync="TRUE">0</attscale></attr><attr><attrlabl Sync="TRUE">SPCIRCUITCOL</attrlabl><attalias Sync="TRUE">Circuit Colour</attalias><attrtype Sync="TRUE">String</attrtype><attwidth Sync="TRUE">255</attwidth><atprecis Sync="TRUE">0</atprecis><attscale Sync="TRUE">0</attscale></attr><attr><attrlabl Sync="TRUE">SPCIRCUITNAME</attrlabl><attalias Sync="TRUE">Circuit Name</attalias><attrtype Sync="TRUE">String</attrtype><attwidth Sync="TRUE">61</attwidth><atprecis Sync="TRUE">0</atprecis><attscale Sync="TRUE">0</attscale></attr><attr><attrlabl Sync="TRUE">SPCLEATEDWIRINGFLAG</attrlabl><attalias Sync="TRUE">Cleated Wire Flag</attalias><attrtype Sync="TRUE">String</attrtype><attwidth Sync="TRUE">1</attwidth><atprecis Sync="TRUE">0</atprecis><attscale Sync="TRUE">0</attscale></attr><attr><attrlabl Sync="TRUE">SPEARTHFLAG</attrlabl><attalias Sync="TRUE">Earth Flag</attalias><attrtype Sync="TRUE">String</attrtype><attwidth Sync="TRUE">1</attwidth><atprecis Sync="TRUE">0</atprecis><attscale Sync="TRUE">0</attscale></attr><attr><attrlabl Sync="TRUE">SPPHASINGCOLS</attrlabl><attalias Sync="TRUE">Phasing Colour</attalias><attrtype Sync="TRUE">String</attrtype><attwidth Sync="TRUE">6</attwidth><atprecis Sync="TRUE">0</atprecis><attscale Sync="TRUE">0</attscale></attr><attr><attrlabl Sync="TRUE">SPNUMOFCONDS</attrlabl><attalias Sync="TRUE">Number of Conductors</attalias><attrtype Sync="TRUE">Integer</attrtype><attwidth Sync="TRUE">4</attwidth><atprecis Sync="TRUE">9</atprecis><attscale Sync="TRUE">0</attscale></attr><attr><attrlabl Sync="TRUE">OPERATINGVOLTAGE</attrlabl><attalias Sync="TRUE">Operating Voltage</attalias><attrtype Sync="TRUE">Integer</attrtype><attwidth Sync="TRUE">4</attwidth><atprecis Sync="TRUE">10</atprecis><attscale Sync="TRUE">0</attscale></attr><attr><attrlabl Sync="TRUE">SUBTYPECD</attrlabl><attalias Sync="TRUE">Subtype</attalias><attrtype Sync="TRUE">Integer</attrtype><attwidth Sync="TRUE">4</attwidth><atprecis Sync="TRUE">10</atprecis><attscale Sync="TRUE">0</attscale></attr><attr><attrlabl Sync="TRUE">SPDESIGNVOLT</attrlabl><attalias Sync="TRUE">Design Voltage</attalias><attrtype Sync="TRUE">Integer</attrtype><attwidth Sync="TRUE">4</attwidth><atprecis Sync="TRUE">10</atprecis><attscale Sync="TRUE">0</attscale></attr><attr><attrlabl Sync="TRUE">SPXSECTAREA</attrlabl><attalias Sync="TRUE">Cross Sectional Area</attalias><attrtype Sync="TRUE">String</attrtype><attwidth Sync="TRUE">8</attwidth><atprecis Sync="TRUE">0</atprecis><attscale Sync="TRUE">0</attscale></attr><attr><attrlabl Sync="TRUE">SHAPE</attrlabl><attalias Sync="TRUE">Shape</attalias><attrtype Sync="TRUE">Geometry</attrtype><attwidth Sync="TRUE">4</attwidth><atprecis Sync="TRUE">0</atprecis><attscale Sync="TRUE">0</attscale><attrdef Sync="TRUE">Feature geometry.</attrdef><attrdefs Sync="TRUE">ESRI</attrdefs><attrdomv><udom Sync="TRUE">Coordinates defining the features.</udom></attrdomv></attr><attr><attrlabl Sync="TRUE">GND_SYMBOL</attrlabl><attalias Sync="TRUE">GND_SYMBOL</attalias><attrtype Sync="TRUE">Integer</attrtype><attwidth Sync="TRUE">4</attwidth><atprecis Sync="TRUE">10</atprecis><attscale Sync="TRUE">0</attscale></attr><attr><attrlabl Sync="TRUE">GND_SHAPE</attrlabl><attalias Sync="TRUE">GND_SHAPE</attalias><attrtype Sync="TRUE">Blob</attrtype><attwidth Sync="TRUE">0</attwidth><atprecis Sync="TRUE">0</atprecis><attscale Sync="TRUE">0</attscale></attr><attr><attrlabl Sync="TRUE">SPCIRCUITENID</attrlabl><attalias Sync="TRUE">SP Static Circuit ENID</attalias><attrtype Sync="TRUE">Integer</attrtype><attwidth Sync="TRUE">4</attwidth><atprecis Sync="TRUE">10</atprecis><attscale Sync="TRUE">0</attscale></attr><attr><attrlabl Sync="TRUE">SHAPE.LEN</attrlabl><attalias Sync="TRUE">SHAPE.LEN</attalias><attrtype Sync="TRUE">Double</attrtype><attwidth Sync="TRUE">0</attwidth><atprecis Sync="TRUE">0</atprecis><attscale Sync="TRUE">0</attscale></attr><subtype><stname Sync="TRUE">LV OHLline Phase Three</stname><stcode Sync="TRUE">3</stcode><stfield><stfldnm Sync="TRUE">ENABLED</stfldnm><stflddv Sync="TRUE">1</stflddv><stflddd><domname Sync="TRUE">EnabledDomain</domname><domdesc Sync="TRUE"></domdesc><domtype Sync="TRUE">Coded Value</domtype><mrgtype Sync="TRUE">Default value</mrgtype><splttype Sync="TRUE">Duplicate</splttype><domowner Sync="TRUE">SPADMIN</domowner><domfldtp Sync="TRUE">SmallInteger</domfldtp></stflddd></stfield><stfield><stfldnm Sync="TRUE">MEASUREDLENGTH</stfldnm><stflddd><domname Sync="TRUE">Measured Length</domname><domdesc Sync="TRUE"></domdesc><domtype Sync="TRUE">Range</domtype><mrgtype Sync="TRUE">Default value</mrgtype><splttype Sync="TRUE">Geometry ratio</splttype><domowner Sync="TRUE">SPADMIN</domowner><domfldtp Sync="TRUE">Double</domfldtp></stflddd></stfield><stfield><stfldnm Sync="TRUE">SPLABELHIDE</stfldnm><stflddv Sync="TRUE">0</stflddv><stflddd><domname Sync="TRUE">Label Hide</domname><domdesc Sync="TRUE"></domdesc><domtype Sync="TRUE">Coded Value</domtype><mrgtype Sync="TRUE">Default value</mrgtype><splttype Sync="TRUE">Duplicate</splttype><domowner Sync="TRUE">SPADMIN</domowner><domfldtp Sync="TRUE">SmallInteger</domfldtp></stflddd></stfield><stfield><stfldnm Sync="TRUE">PHASEDESIGNATION</stfldnm><stflddv Sync="TRUE">7</stflddv><stflddd><domname Sync="TRUE">Three Phase</domname><domdesc Sync="TRUE"></domdesc><domtype Sync="TRUE">Coded Value</domtype><mrgtype Sync="TRUE">Default value</mrgtype><splttype Sync="TRUE">Duplicate</splttype><domowner Sync="TRUE">SPADMIN</domowner><domfldtp Sync="TRUE">Integer</domfldtp></stflddd></stfield><stfield><stfldnm Sync="TRUE">CONDUCTORSIZE</stfldnm><stflddd><domname Sync="TRUE">Conductor Size</domname><domdesc Sync="TRUE"></domdesc><domtype Sync="TRUE">Coded Value</domtype><mrgtype Sync="TRUE">Default value</mrgtype><splttype Sync="TRUE">Duplicate</splttype><domowner Sync="TRUE">SPADMIN</domowner><domfldtp Sync="TRUE">String</domfldtp></stflddd></stfield><stfield><stfldnm Sync="TRUE">NEUTRALMATERIAL</stfldnm><stflddd><domname Sync="TRUE">Neutral Material</domname><domdesc Sync="TRUE"></domdesc><domtype Sync="TRUE">Coded Value</domtype><mrgtype Sync="TRUE">Default value</mrgtype><splttype Sync="TRUE">Duplicate</splttype><domowner Sync="TRUE">SPADMIN</domowner><domfldtp Sync="TRUE">String</domfldtp></stflddd></stfield><stfield><stfldnm Sync="TRUE">NEUTRALSIZE</stfldnm><stflddd><domname Sync="TRUE">Neutral Size</domname><domdesc Sync="TRUE"></domdesc><domtype Sync="TRUE">Coded Value</domtype><mrgtype Sync="TRUE">Default value</mrgtype><splttype Sync="TRUE">Duplicate</splttype><domowner Sync="TRUE">SPADMIN</domowner><domfldtp Sync="TRUE">String</domfldtp></stflddd></stfield><stfield><stfldnm Sync="TRUE">NUMBERCONDUCTORSPERPHASE</stfldnm><stflddv Sync="TRUE">1</stflddv><stflddd><domname Sync="TRUE">Number of Conductors/Phase</domname><domdesc Sync="TRUE"></domdesc><domtype Sync="TRUE">Range</domtype><mrgtype Sync="TRUE">Default value</mrgtype><splttype Sync="TRUE">Duplicate</splttype><domowner Sync="TRUE">SPADMIN</domowner><domfldtp Sync="TRUE">Integer</domfldtp></stflddd></stfield><stfield><stfldnm Sync="TRUE">SPINSTALLEDBY</stfldnm><stflddv Sync="TRUE">ScottishPower</stflddv></stfield><stfield><stfldnm Sync="TRUE">SPNUMOFPHASES</stfldnm><stflddv Sync="TRUE">3</stflddv><stflddd><domname Sync="TRUE">Number of Phases</domname><domdesc Sync="TRUE"></domdesc><domtype Sync="TRUE">Range</domtype><mrgtype Sync="TRUE">Default value</mrgtype><splttype Sync="TRUE">Duplicate</splttype><domowner Sync="TRUE">SPADMIN</domowner><domfldtp Sync="TRUE">Integer</domfldtp></stflddd></stfield><stfield><stfldnm Sync="TRUE">SPOWNEDBY</stfldnm><stflddv Sync="TRUE">ScottishPower</stflddv></stfield><stfield><stfldnm Sync="TRUE">SPASSUMEDATTR</stfldnm><stflddv Sync="TRUE">N</stflddv><stflddd><domname Sync="TRUE">Yes/No Indicator</domname><domdesc Sync="TRUE"></domdesc><domtype Sync="TRUE">Coded Value</domtype><mrgtype Sync="TRUE">Default value</mrgtype><splttype Sync="TRUE">Duplicate</splttype><domowner Sync="TRUE">SPADMIN</domowner><domfldtp Sync="TRUE">String</domfldtp></stflddd></stfield><stfield><stfldnm Sync="TRUE">SPSTATUS</stfldnm><stflddv Sync="TRUE">EX</stflddv><stflddd><domname Sync="TRUE">Network Status</domname><domdesc Sync="TRUE"></domdesc><domtype Sync="TRUE">Coded Value</domtype><mrgtype Sync="TRUE">Default value</mrgtype><splttype Sync="TRUE">Duplicate</splttype><domowner Sync="TRUE">SPADMIN</domowner><domfldtp Sync="TRUE">String</domfldtp></stflddd></stfield><stfield><stfldnm Sync="TRUE">SPACTIVITYCODE</stfldnm><stflddd><domname Sync="TRUE">Activity Code</domname><domdesc Sync="TRUE"></domdesc><domtype Sync="TRUE">Coded Value</domtype><mrgtype Sync="TRUE">Default value</mrgtype><splttype Sync="TRUE">Duplicate</splttype><domowner Sync="TRUE">SPADMIN</domowner><domfldtp Sync="TRUE">String</domfldtp></stflddd></stfield><stfield><stfldnm Sync="TRUE">SPFINANCIALCODE</stfldnm><stflddd><domname Sync="TRUE">Financial Code</domname><domdesc Sync="TRUE"></domdesc><domtype Sync="TRUE">Coded Value</domtype><mrgtype Sync="TRUE">Default value</mrgtype><splttype Sync="TRUE">Duplicate</splttype><domowner Sync="TRUE">SPADMIN</domowner><domfldtp Sync="TRUE">String</domfldtp></stflddd></stfield><stfield><stfldnm Sync="TRUE">CONDUCTORMATERIAL</stfldnm><stflddv Sync="TRUE">CU</stflddv><stflddd><domname Sync="TRUE">OHL Conductor Material</domname><domdesc Sync="TRUE"></domdesc><domtype Sync="TRUE">Coded Value</domtype><mrgtype Sync="TRUE">Default value</mrgtype><splttype Sync="TRUE">Duplicate</splttype><domowner Sync="TRUE">SPADMIN</domowner><domfldtp Sync="TRUE">String</domfldtp></stflddd></stfield><stfield><stfldnm Sync="TRUE">SPAERIALEARTHFLAG</stfldnm><stflddv Sync="TRUE">N</stflddv><stflddd><domname Sync="TRUE">Yes/No Indicator</domname><domdesc Sync="TRUE"></domdesc><domtype Sync="TRUE">Coded Value</domtype><mrgtype Sync="TRUE">Default value</mrgtype><splttype Sync="TRUE">Duplicate</splttype><domowner Sync="TRUE">SPADMIN</domowner><domfldtp Sync="TRUE">String</domfldtp></stflddd></stfield><stfield><stfldnm Sync="TRUE">SPCLEATEDWIRINGFLAG</stfldnm><stflddv Sync="TRUE">N</stflddv><stflddd><domname Sync="TRUE">Yes/No Indicator</domname><domdesc Sync="TRUE"></domdesc><domtype Sync="TRUE">Coded Value</domtype><mrgtype Sync="TRUE">Default value</mrgtype><splttype Sync="TRUE">Duplicate</splttype><domowner Sync="TRUE">SPADMIN</domowner><domfldtp Sync="TRUE">String</domfldtp></stflddd></stfield><stfield><stfldnm Sync="TRUE">SPEARTHFLAG</stfldnm><stflddv Sync="TRUE">N</stflddv><stflddd><domname Sync="TRUE">Yes/No Indicator</domname><domdesc Sync="TRUE"></domdesc><domtype Sync="TRUE">Coded Value</domtype><mrgtype Sync="TRUE">Default value</mrgtype><splttype Sync="TRUE">Duplicate</splttype><domowner Sync="TRUE">SPADMIN</domowner><domfldtp Sync="TRUE">String</domfldtp></stflddd></stfield><stfield><stfldnm Sync="TRUE">SPPHASINGCOLS</stfldnm><stflddd><domname Sync="TRUE">OHL Phasing Colours</domname><domdesc Sync="TRUE"></domdesc><domtype Sync="TRUE">Coded Value</domtype><mrgtype Sync="TRUE">Default value</mrgtype><splttype Sync="TRUE">Duplicate</splttype><domowner Sync="TRUE">SPADMIN</domowner><domfldtp Sync="TRUE">String</domfldtp></stflddd></stfield><stfield><stfldnm Sync="TRUE">SPNUMOFCONDS</stfldnm><stflddv Sync="TRUE">3</stflddv><stflddd><domname Sync="TRUE">OHL Number Of Conductors</domname><domdesc Sync="TRUE"></domdesc><domtype Sync="TRUE">Range</domtype><mrgtype Sync="TRUE">Default value</mrgtype><splttype Sync="TRUE">Duplicate</splttype><domowner Sync="TRUE">SPADMIN</domowner><domfldtp Sync="TRUE">Integer</domfldtp></stflddd></stfield><stfield><stfldnm Sync="TRUE">OPERATINGVOLTAGE</stfldnm><stflddv Sync="TRUE">230</stflddv><stflddd><domname Sync="TRUE">LV Operating Voltage</domname><domdesc Sync="TRUE"></domdesc><domtype Sync="TRUE">Coded Value</domtype><mrgtype Sync="TRUE">Default value</mrgtype><splttype Sync="TRUE">Duplicate</splttype><domowner Sync="TRUE">SPADMIN</domowner><domfldtp Sync="TRUE">Integer</domfldtp></stflddd></stfield><stfield><stfldnm Sync="TRUE">SUBTYPECD</stfldnm><stflddv Sync="TRUE">3</stflddv></stfield><stfield><stfldnm Sync="TRUE">SPDESIGNVOLT</stfldnm><stflddv Sync="TRUE">230</stflddv><stflddd><domname Sync="TRUE">LV Design Voltage</domname><domdesc Sync="TRUE"></domdesc><domtype Sync="TRUE">Coded Value</domtype><mrgtype Sync="TRUE">Default value</mrgtype><splttype Sync="TRUE">Duplicate</splttype><domowner Sync="TRUE">SPADMIN</domowner><domfldtp Sync="TRUE">Integer</domfldtp></stflddd></stfield><stfield><stfldnm Sync="TRUE">SPXSECTAREA</stfldnm><stflddd><domname Sync="TRUE">OHL Cross Sectional Area</domname><domdesc Sync="TRUE"></domdesc><domtype Sync="TRUE">Coded Value</domtype><mrgtype Sync="TRUE">Default value</mrgtype><splttype Sync="TRUE">Duplicate</splttype><domowner Sync="TRUE">SPADMIN</domowner><domfldtp Sync="TRUE">String</domfldtp></stflddd></stfield><stfield><stfldnm Sync="TRUE">GND_SYMBOL</stfldnm><stflddv Sync="TRUE">1</stflddv></stfield><stfield><stfldnm Sync="TRUE">SPCIRCUITENID</stfldnm><stflddd><domname Sync="TRUE">Circuits</domname><domdesc Sync="TRUE">Circuits from CircuitSource table</domdesc><domtype Sync="TRUE">Coded Value</domtype><mrgtype Sync="TRUE">Default value</mrgtype><splttype Sync="TRUE">Duplicate</splttype><domowner Sync="TRUE">PNCADMIN</domowner><domfldtp Sync="TRUE">Integer</domfldtp></stflddd></stfield></subtype><subtype><stname Sync="TRUE">LV OHLline Phase Two</stname><stcode Sync="TRUE">2</stcode><stfield><stfldnm Sync="TRUE">ENABLED</stfldnm><stflddv Sync="TRUE">1</stflddv><stflddd><domname Sync="TRUE">EnabledDomain</domname><domdesc Sync="TRUE"></domdesc><domtype Sync="TRUE">Coded Value</domtype><mrgtype Sync="TRUE">Default value</mrgtype><splttype Sync="TRUE">Duplicate</splttype><domowner Sync="TRUE">SPADMIN</domowner><domfldtp Sync="TRUE">SmallInteger</domfldtp></stflddd></stfield><stfield><stfldnm Sync="TRUE">MEASUREDLENGTH</stfldnm><stflddd><domname Sync="TRUE">Measured Length</domname><domdesc Sync="TRUE"></domdesc><domtype Sync="TRUE">Range</domtype><mrgtype Sync="TRUE">Default value</mrgtype><splttype Sync="TRUE">Geometry ratio</splttype><domowner Sync="TRUE">SPADMIN</domowner><domfldtp Sync="TRUE">Double</domfldtp></stflddd></stfield><stfield><stfldnm Sync="TRUE">SPLABELHIDE</stfldnm><stflddv Sync="TRUE">0</stflddv><stflddd><domname Sync="TRUE">Label Hide</domname><domdesc Sync="TRUE"></domdesc><domtype Sync="TRUE">Coded Value</domtype><mrgtype Sync="TRUE">Default value</mrgtype><splttype Sync="TRUE">Duplicate</splttype><domowner Sync="TRUE">SPADMIN</domowner><domfldtp Sync="TRUE">SmallInteger</domfldtp></stflddd></stfield><stfield><stfldnm Sync="TRUE">PHASEDESIGNATION</stfldnm><stflddv Sync="TRUE">6</stflddv><stflddd><domname Sync="TRUE">Two Phase</domname><domdesc Sync="TRUE"></domdesc><domtype Sync="TRUE">Coded Value</domtype><mrgtype Sync="TRUE">Default value</mrgtype><splttype Sync="TRUE">Duplicate</splttype><domowner Sync="TRUE">SPADMIN</domowner><domfldtp Sync="TRUE">Integer</domfldtp></stflddd></stfield><stfield><stfldnm Sync="TRUE">CONDUCTORSIZE</stfldnm><stflddd><domname Sync="TRUE">Conductor Size</domname><domdesc Sync="TRUE"></domdesc><domtype Sync="TRUE">Coded Value</domtype><mrgtype Sync="TRUE">Default value</mrgtype><splttype Sync="TRUE">Duplicate</splttype><domowner Sync="TRUE">SPADMIN</domowner><domfldtp Sync="TRUE">String</domfldtp></stflddd></stfield><stfield><stfldnm Sync="TRUE">NEUTRALMATERIAL</stfldnm><stflddd><domname Sync="TRUE">Neutral Material</domname><domdesc Sync="TRUE"></domdesc><domtype Sync="TRUE">Coded Value</domtype><mrgtype Sync="TRUE">Default value</mrgtype><splttype Sync="TRUE">Duplicate</splttype><domowner Sync="TRUE">SPADMIN</domowner><domfldtp Sync="TRUE">String</domfldtp></stflddd></stfield><stfield><stfldnm Sync="TRUE">NEUTRALSIZE</stfldnm><stflddd><domname Sync="TRUE">Neutral Size</domname><domdesc Sync="TRUE"></domdesc><domtype Sync="TRUE">Coded Value</domtype><mrgtype Sync="TRUE">Default value</mrgtype><splttype Sync="TRUE">Duplicate</splttype><domowner Sync="TRUE">SPADMIN</domowner><domfldtp Sync="TRUE">String</domfldtp></stflddd></stfield><stfield><stfldnm Sync="TRUE">NUMBERCONDUCTORSPERPHASE</stfldnm><stflddv Sync="TRUE">1</stflddv><stflddd><domname Sync="TRUE">Number of Conductors/Phase</domname><domdesc Sync="TRUE"></domdesc><domtype Sync="TRUE">Range</domtype><mrgtype Sync="TRUE">Default value</mrgtype><splttype Sync="TRUE">Duplicate</splttype><domowner Sync="TRUE">SPADMIN</domowner><domfldtp Sync="TRUE">Integer</domfldtp></stflddd></stfield><stfield><stfldnm Sync="TRUE">SPINSTALLEDBY</stfldnm><stflddv Sync="TRUE">ScottishPower</stflddv></stfield><stfield><stfldnm Sync="TRUE">SPNUMOFPHASES</stfldnm><stflddv Sync="TRUE">3</stflddv><stflddd><domname Sync="TRUE">Number of Phases</domname><domdesc Sync="TRUE"></domdesc><domtype Sync="TRUE">Range</domtype><mrgtype Sync="TRUE">Default value</mrgtype><splttype Sync="TRUE">Duplicate</splttype><domowner Sync="TRUE">SPADMIN</domowner><domfldtp Sync="TRUE">Integer</domfldtp></stflddd></stfield><stfield><stfldnm Sync="TRUE">SPOWNEDBY</stfldnm><stflddv Sync="TRUE">ScottishPower</stflddv></stfield><stfield><stfldnm Sync="TRUE">SPASSUMEDATTR</stfldnm><stflddv Sync="TRUE">N</stflddv><stflddd><domname Sync="TRUE">Yes/No Indicator</domname><domdesc Sync="TRUE"></domdesc><domtype Sync="TRUE">Coded Value</domtype><mrgtype Sync="TRUE">Default value</mrgtype><splttype Sync="TRUE">Duplicate</splttype><domowner Sync="TRUE">SPADMIN</domowner><domfldtp Sync="TRUE">String</domfldtp></stflddd></stfield><stfield><stfldnm Sync="TRUE">SPSTATUS</stfldnm><stflddv Sync="TRUE">EX</stflddv><stflddd><domname Sync="TRUE">Network Status</domname><domdesc Sync="TRUE"></domdesc><domtype Sync="TRUE">Coded Value</domtype><mrgtype Sync="TRUE">Default value</mrgtype><splttype Sync="TRUE">Duplicate</splttype><domowner Sync="TRUE">SPADMIN</domowner><domfldtp Sync="TRUE">String</domfldtp></stflddd></stfield><stfield><stfldnm Sync="TRUE">SPACTIVITYCODE</stfldnm><stflddd><domname Sync="TRUE">Activity Code</domname><domdesc Sync="TRUE"></domdesc><domtype Sync="TRUE">Coded Value</domtype><mrgtype Sync="TRUE">Default value</mrgtype><splttype Sync="TRUE">Duplicate</splttype><domowner Sync="TRUE">SPADMIN</domowner><domfldtp Sync="TRUE">String</domfldtp></stflddd></stfield><stfield><stfldnm Sync="TRUE">SPFINANCIALCODE</stfldnm><stflddd><domname Sync="TRUE">Financial Code</domname><domdesc Sync="TRUE"></domdesc><domtype Sync="TRUE">Coded Value</domtype><mrgtype Sync="TRUE">Default value</mrgtype><splttype Sync="TRUE">Duplicate</splttype><domowner Sync="TRUE">SPADMIN</domowner><domfldtp Sync="TRUE">String</domfldtp></stflddd></stfield><stfield><stfldnm Sync="TRUE">CONDUCTORMATERIAL</stfldnm><stflddv Sync="TRUE">CU</stflddv><stflddd><domname Sync="TRUE">OHL Conductor Material</domname><domdesc Sync="TRUE"></domdesc><domtype Sync="TRUE">Coded Value</domtype><mrgtype Sync="TRUE">Default value</mrgtype><splttype Sync="TRUE">Duplicate</splttype><domowner Sync="TRUE">SPADMIN</domowner><domfldtp Sync="TRUE">String</domfldtp></stflddd></stfield><stfield><stfldnm Sync="TRUE">SPAERIALEARTHFLAG</stfldnm><stflddv Sync="TRUE">N</stflddv><stflddd><domname Sync="TRUE">Yes/No Indicator</domname><domdesc Sync="TRUE"></domdesc><domtype Sync="TRUE">Coded Value</domtype><mrgtype Sync="TRUE">Default value</mrgtype><splttype Sync="TRUE">Duplicate</splttype><domowner Sync="TRUE">SPADMIN</domowner><domfldtp Sync="TRUE">String</domfldtp></stflddd></stfield><stfield><stfldnm Sync="TRUE">SPCLEATEDWIRINGFLAG</stfldnm><stflddv Sync="TRUE">N</stflddv><stflddd><domname Sync="TRUE">Yes/No Indicator</domname><domdesc Sync="TRUE"></domdesc><domtype Sync="TRUE">Coded Value</domtype><mrgtype Sync="TRUE">Default value</mrgtype><splttype Sync="TRUE">Duplicate</splttype><domowner Sync="TRUE">SPADMIN</domowner><domfldtp Sync="TRUE">String</domfldtp></stflddd></stfield><stfield><stfldnm Sync="TRUE">SPEARTHFLAG</stfldnm><stflddv Sync="TRUE">N</stflddv><stflddd><domname Sync="TRUE">Yes/No Indicator</domname><domdesc Sync="TRUE"></domdesc><domtype Sync="TRUE">Coded Value</domtype><mrgtype Sync="TRUE">Default value</mrgtype><splttype Sync="TRUE">Duplicate</splttype><domowner Sync="TRUE">SPADMIN</domowner><domfldtp Sync="TRUE">String</domfldtp></stflddd></stfield><stfield><stfldnm Sync="TRUE">SPPHASINGCOLS</stfldnm><stflddd><domname Sync="TRUE">OHL Phasing Colours</domname><domdesc Sync="TRUE"></domdesc><domtype Sync="TRUE">Coded Value</domtype><mrgtype Sync="TRUE">Default value</mrgtype><splttype Sync="TRUE">Duplicate</splttype><domowner Sync="TRUE">SPADMIN</domowner><domfldtp Sync="TRUE">String</domfldtp></stflddd></stfield><stfield><stfldnm Sync="TRUE">SPNUMOFCONDS</stfldnm><stflddv Sync="TRUE">3</stflddv><stflddd><domname Sync="TRUE">OHL Number Of Conductors</domname><domdesc Sync="TRUE"></domdesc><domtype Sync="TRUE">Range</domtype><mrgtype Sync="TRUE">Default value</mrgtype><splttype Sync="TRUE">Duplicate</splttype><domowner Sync="TRUE">SPADMIN</domowner><domfldtp Sync="TRUE">Integer</domfldtp></stflddd></stfield><stfield><stfldnm Sync="TRUE">OPERATINGVOLTAGE</stfldnm><stflddv Sync="TRUE">230</stflddv><stflddd><domname Sync="TRUE">LV Operating Voltage</domname><domdesc Sync="TRUE"></domdesc><domtype Sync="TRUE">Coded Value</domtype><mrgtype Sync="TRUE">Default value</mrgtype><splttype Sync="TRUE">Duplicate</splttype><domowner Sync="TRUE">SPADMIN</domowner><domfldtp Sync="TRUE">Integer</domfldtp></stflddd></stfield><stfield><stfldnm Sync="TRUE">SUBTYPECD</stfldnm><stflddv Sync="TRUE">2</stflddv></stfield><stfield><stfldnm Sync="TRUE">SPDESIGNVOLT</stfldnm><stflddv Sync="TRUE">230</stflddv><stflddd><domname Sync="TRUE">LV Design Voltage</domname><domdesc Sync="TRUE"></domdesc><domtype Sync="TRUE">Coded Value</domtype><mrgtype Sync="TRUE">Default value</mrgtype><splttype Sync="TRUE">Duplicate</splttype><domowner Sync="TRUE">SPADMIN</domowner><domfldtp Sync="TRUE">Integer</domfldtp></stflddd></stfield><stfield><stfldnm Sync="TRUE">SPXSECTAREA</stfldnm><stflddd><domname Sync="TRUE">OHL Cross Sectional Area</domname><domdesc Sync="TRUE"></domdesc><domtype Sync="TRUE">Coded Value</domtype><mrgtype Sync="TRUE">Default value</mrgtype><splttype Sync="TRUE">Duplicate</splttype><domowner Sync="TRUE">SPADMIN</domowner><domfldtp Sync="TRUE">String</domfldtp></stflddd></stfield><stfield><stfldnm Sync="TRUE">GND_SYMBOL</stfldnm><stflddv Sync="TRUE">1</stflddv></stfield><stfield><stfldnm Sync="TRUE">SPCIRCUITENID</stfldnm><stflddd><domname Sync="TRUE">Circuits</domname><domdesc Sync="TRUE">Circuits from CircuitSource table</domdesc><domtype Sync="TRUE">Coded Value</domtype><mrgtype Sync="TRUE">Default value</mrgtype><splttype Sync="TRUE">Duplicate</splttype><domowner Sync="TRUE">PNCADMIN</domowner><domfldtp Sync="TRUE">Integer</domfldtp></stflddd></stfield></subtype><subtype><stname Sync="TRUE">LV OHLline Phase One</stname><stcode Sync="TRUE">1</stcode><stfield><stfldnm Sync="TRUE">ENABLED</stfldnm><stflddv Sync="TRUE">1</stflddv><stflddd><domname Sync="TRUE">EnabledDomain</domname><domdesc Sync="TRUE"></domdesc><domtype Sync="TRUE">Coded Value</domtype><mrgtype Sync="TRUE">Default value</mrgtype><splttype Sync="TRUE">Duplicate</splttype><domowner Sync="TRUE">SPADMIN</domowner><domfldtp Sync="TRUE">SmallInteger</domfldtp></stflddd></stfield><stfield><stfldnm Sync="TRUE">MEASUREDLENGTH</stfldnm><stflddd><domname Sync="TRUE">Measured Length</domname><domdesc Sync="TRUE"></domdesc><domtype Sync="TRUE">Range</domtype><mrgtype Sync="TRUE">Default value</mrgtype><splttype Sync="TRUE">Geometry ratio</splttype><domowner Sync="TRUE">SPADMIN</domowner><domfldtp Sync="TRUE">Double</domfldtp></stflddd></stfield><stfield><stfldnm Sync="TRUE">SPLABELHIDE</stfldnm><stflddv Sync="TRUE">0</stflddv><stflddd><domname Sync="TRUE">Label Hide</domname><domdesc Sync="TRUE"></domdesc><domtype Sync="TRUE">Coded Value</domtype><mrgtype Sync="TRUE">Default value</mrgtype><splttype Sync="TRUE">Duplicate</splttype><domowner Sync="TRUE">SPADMIN</domowner><domfldtp Sync="TRUE">SmallInteger</domfldtp></stflddd></stfield><stfield><stfldnm Sync="TRUE">PHASEDESIGNATION</stfldnm><stflddv Sync="TRUE">4</stflddv><stflddd><domname Sync="TRUE">Single Phase</domname><domdesc Sync="TRUE"></domdesc><domtype Sync="TRUE">Coded Value</domtype><mrgtype Sync="TRUE">Default value</mrgtype><splttype Sync="TRUE">Duplicate</splttype><domowner Sync="TRUE">SPADMIN</domowner><domfldtp Sync="TRUE">Integer</domfldtp></stflddd></stfield><stfield><stfldnm Sync="TRUE">CONDUCTORSIZE</stfldnm><stflddd><domname Sync="TRUE">Conductor Size</domname><domdesc Sync="TRUE"></domdesc><domtype Sync="TRUE">Coded Value</domtype><mrgtype Sync="TRUE">Default value</mrgtype><splttype Sync="TRUE">Duplicate</splttype><domowner Sync="TRUE">SPADMIN</domowner><domfldtp Sync="TRUE">String</domfldtp></stflddd></stfield><stfield><stfldnm Sync="TRUE">NEUTRALMATERIAL</stfldnm><stflddd><domname Sync="TRUE">Neutral Material</domname><domdesc Sync="TRUE"></domdesc><domtype Sync="TRUE">Coded Value</domtype><mrgtype Sync="TRUE">Default value</mrgtype><splttype Sync="TRUE">Duplicate</splttype><domowner Sync="TRUE">SPADMIN</domowner><domfldtp Sync="TRUE">String</domfldtp></stflddd></stfield><stfield><stfldnm Sync="TRUE">NEUTRALSIZE</stfldnm><stflddd><domname Sync="TRUE">Neutral Size</domname><domdesc Sync="TRUE"></domdesc><domtype Sync="TRUE">Coded Value</domtype><mrgtype Sync="TRUE">Default value</mrgtype><splttype Sync="TRUE">Duplicate</splttype><domowner Sync="TRUE">SPADMIN</domowner><domfldtp Sync="TRUE">String</domfldtp></stflddd></stfield><stfield><stfldnm Sync="TRUE">NUMBERCONDUCTORSPERPHASE</stfldnm><stflddv Sync="TRUE">1</stflddv><stflddd><domname Sync="TRUE">Number of Conductors/Phase</domname><domdesc Sync="TRUE"></domdesc><domtype Sync="TRUE">Range</domtype><mrgtype Sync="TRUE">Default value</mrgtype><splttype Sync="TRUE">Duplicate</splttype><domowner Sync="TRUE">SPADMIN</domowner><domfldtp Sync="TRUE">Integer</domfldtp></stflddd></stfield><stfield><stfldnm Sync="TRUE">SPINSTALLEDBY</stfldnm><stflddv Sync="TRUE">ScottishPower</stflddv></stfield><stfield><stfldnm Sync="TRUE">SPNUMOFPHASES</stfldnm><stflddv Sync="TRUE">3</stflddv><stflddd><domname Sync="TRUE">Number of Phases</domname><domdesc Sync="TRUE"></domdesc><domtype Sync="TRUE">Range</domtype><mrgtype Sync="TRUE">Default value</mrgtype><splttype Sync="TRUE">Duplicate</splttype><domowner Sync="TRUE">SPADMIN</domowner><domfldtp Sync="TRUE">Integer</domfldtp></stflddd></stfield><stfield><stfldnm Sync="TRUE">SPOWNEDBY</stfldnm><stflddv Sync="TRUE">ScottishPower</stflddv></stfield><stfield><stfldnm Sync="TRUE">SPASSUMEDATTR</stfldnm><stflddv Sync="TRUE">N</stflddv><stflddd><domname Sync="TRUE">Yes/No Indicator</domname><domdesc Sync="TRUE"></domdesc><domtype Sync="TRUE">Coded Value</domtype><mrgtype Sync="TRUE">Default value</mrgtype><splttype Sync="TRUE">Duplicate</splttype><domowner Sync="TRUE">SPADMIN</domowner><domfldtp Sync="TRUE">String</domfldtp></stflddd></stfield><stfield><stfldnm Sync="TRUE">SPSTATUS</stfldnm><stflddv Sync="TRUE">EX</stflddv><stflddd><domname Sync="TRUE">Network Status</domname><domdesc Sync="TRUE"></domdesc><domtype Sync="TRUE">Coded Value</domtype><mrgtype Sync="TRUE">Default value</mrgtype><splttype Sync="TRUE">Duplicate</splttype><domowner Sync="TRUE">SPADMIN</domowner><domfldtp Sync="TRUE">String</domfldtp></stflddd></stfield><stfield><stfldnm Sync="TRUE">SPACTIVITYCODE</stfldnm><stflddd><domname Sync="TRUE">Activity Code</domname><domdesc Sync="TRUE"></domdesc><domtype Sync="TRUE">Coded Value</domtype><mrgtype Sync="TRUE">Default value</mrgtype><splttype Sync="TRUE">Duplicate</splttype><domowner Sync="TRUE">SPADMIN</domowner><domfldtp Sync="TRUE">String</domfldtp></stflddd></stfield><stfield><stfldnm Sync="TRUE">SPFINANCIALCODE</stfldnm><stflddd><domname Sync="TRUE">Financial Code</domname><domdesc Sync="TRUE"></domdesc><domtype Sync="TRUE">Coded Value</domtype><mrgtype Sync="TRUE">Default value</mrgtype><splttype Sync="TRUE">Duplicate</splttype><domowner Sync="TRUE">SPADMIN</domowner><domfldtp Sync="TRUE">String</domfldtp></stflddd></stfield><stfield><stfldnm Sync="TRUE">CONDUCTORMATERIAL</stfldnm><stflddv Sync="TRUE">CU</stflddv><stflddd><domname Sync="TRUE">OHL Conductor Material</domname><domdesc Sync="TRUE"></domdesc><domtype Sync="TRUE">Coded Value</domtype><mrgtype Sync="TRUE">Default value</mrgtype><splttype Sync="TRUE">Duplicate</splttype><domowner Sync="TRUE">SPADMIN</domowner><domfldtp Sync="TRUE">String</domfldtp></stflddd></stfield><stfield><stfldnm Sync="TRUE">SPAERIALEARTHFLAG</stfldnm><stflddv Sync="TRUE">N</stflddv><stflddd><domname Sync="TRUE">Yes/No Indicator</domname><domdesc Sync="TRUE"></domdesc><domtype Sync="TRUE">Coded Value</domtype><mrgtype Sync="TRUE">Default value</mrgtype><splttype Sync="TRUE">Duplicate</splttype><domowner Sync="TRUE">SPADMIN</domowner><domfldtp Sync="TRUE">String</domfldtp></stflddd></stfield><stfield><stfldnm Sync="TRUE">SPCLEATEDWIRINGFLAG</stfldnm><stflddv Sync="TRUE">N</stflddv><stflddd><domname Sync="TRUE">Yes/No Indicator</domname><domdesc Sync="TRUE"></domdesc><domtype Sync="TRUE">Coded Value</domtype><mrgtype Sync="TRUE">Default value</mrgtype><splttype Sync="TRUE">Duplicate</splttype><domowner Sync="TRUE">SPADMIN</domowner><domfldtp Sync="TRUE">String</domfldtp></stflddd></stfield><stfield><stfldnm Sync="TRUE">SPEARTHFLAG</stfldnm><stflddv Sync="TRUE">N</stflddv><stflddd><domname Sync="TRUE">Yes/No Indicator</domname><domdesc Sync="TRUE"></domdesc><domtype Sync="TRUE">Coded Value</domtype><mrgtype Sync="TRUE">Default value</mrgtype><splttype Sync="TRUE">Duplicate</splttype><domowner Sync="TRUE">SPADMIN</domowner><domfldtp Sync="TRUE">String</domfldtp></stflddd></stfield><stfield><stfldnm Sync="TRUE">SPPHASINGCOLS</stfldnm><stflddd><domname Sync="TRUE">OHL Phasing Colours</domname><domdesc Sync="TRUE"></domdesc><domtype Sync="TRUE">Coded Value</domtype><mrgtype Sync="TRUE">Default value</mrgtype><splttype Sync="TRUE">Duplicate</splttype><domowner Sync="TRUE">SPADMIN</domowner><domfldtp Sync="TRUE">String</domfldtp></stflddd></stfield><stfield><stfldnm Sync="TRUE">SPNUMOFCONDS</stfldnm><stflddv Sync="TRUE">3</stflddv><stflddd><domname Sync="TRUE">OHL Number Of Conductors</domname><domdesc Sync="TRUE"></domdesc><domtype Sync="TRUE">Range</domtype><mrgtype Sync="TRUE">Default value</mrgtype><splttype Sync="TRUE">Duplicate</splttype><domowner Sync="TRUE">SPADMIN</domowner><domfldtp Sync="TRUE">Integer</domfldtp></stflddd></stfield><stfield><stfldnm Sync="TRUE">OPERATINGVOLTAGE</stfldnm><stflddv Sync="TRUE">230</stflddv><stflddd><domname Sync="TRUE">LV Operating Voltage</domname><domdesc Sync="TRUE"></domdesc><domtype Sync="TRUE">Coded Value</domtype><mrgtype Sync="TRUE">Default value</mrgtype><splttype Sync="TRUE">Duplicate</splttype><domowner Sync="TRUE">SPADMIN</domowner><domfldtp Sync="TRUE">Integer</domfldtp></stflddd></stfield><stfield><stfldnm Sync="TRUE">SUBTYPECD</stfldnm><stflddv Sync="TRUE">1</stflddv></stfield><stfield><stfldnm Sync="TRUE">SPDESIGNVOLT</stfldnm><stflddv Sync="TRUE">230</stflddv><stflddd><domname Sync="TRUE">LV Design Voltage</domname><domdesc Sync="TRUE"></domdesc><domtype Sync="TRUE">Coded Value</domtype><mrgtype Sync="TRUE">Default value</mrgtype><splttype Sync="TRUE">Duplicate</splttype><domowner Sync="TRUE">SPADMIN</domowner><domfldtp Sync="TRUE">Integer</domfldtp></stflddd></stfield><stfield><stfldnm Sync="TRUE">SPXSECTAREA</stfldnm><stflddd><domname Sync="TRUE">OHL Cross Sectional Area</domname><domdesc Sync="TRUE"></domdesc><domtype Sync="TRUE">Coded Value</domtype><mrgtype Sync="TRUE">Default value</mrgtype><splttype Sync="TRUE">Duplicate</splttype><domowner Sync="TRUE">SPADMIN</domowner><domfldtp Sync="TRUE">String</domfldtp></stflddd></stfield><stfield><stfldnm Sync="TRUE">GND_SYMBOL</stfldnm><stflddv Sync="TRUE">1</stflddv></stfield><stfield><stfldnm Sync="TRUE">SPCIRCUITENID</stfldnm><stflddd><domname Sync="TRUE">Circuits</domname><domdesc Sync="TRUE">Circuits from CircuitSource table</domdesc><domtype Sync="TRUE">Coded Value</domtype><mrgtype Sync="TRUE">Default value</mrgtype><splttype Sync="TRUE">Duplicate</splttype><domowner Sync="TRUE">PNCADMIN</domowner><domfldtp Sync="TRUE">Integer</domfldtp></stflddd></stfield></subtype></detailed></eainfo><gmd:GEMINI_Metadata xmlns:gmd="http://www.isotc211.org/2005/gmd" xmlns:xsi="http://www.w3.org/2001/XMLSchema-instance" xmlns:gco="http://www.isotc211.org/2005/gco" xmlns:srv="http://www.isotc211.org/2005/srv" xmlns:gts="http://www.isotc211.org/2005/gts" xmlns:gml="http://www.opengis.net/gml" xmlns:xlink="http://www.w3.org/1999/xlink"><gmd:dateStamp><gco:Date>2012-01-13</gco:Date></gmd:dateStamp><gmd:language><gmd:LanguageCode codeListValue="eng" codeList="&quot;http://standards.iso.org/ittf/PubliclyAvailableStandards/ISO_19139_Schemas/resources/Codelist/ML_gmxCodelists.xml#LanguageCode&quot;">English [English]</gmd:LanguageCode></gmd:language><gmd:identificationInfo><gmd:MD_DataIdentification><gmd:language><gmd:LanguageCode codeListValue="eng" codeList="&quot;http://standards.iso.org/ittf/PubliclyAvailableStandards/ISO_19139_Schemas/resources/Codelist/ML_gmxCodelists.xml#LanguageCode&quot;">English [English]</gmd:LanguageCode></gmd:language><gmd:spatialResolution><gmd:MD_Resolution><gmd:distance><gco:Distance uom="Meters">0.0001</gco:Distance></gmd:distance></gmd:MD_Resolution></gmd:spatialResolution><gmd:citation><gmd:CI_Citation><gmd:title><gco:CharacterString>SPADMIN.LVOHLine</gco:CharacterString></gmd:title></gmd:CI_Citation></gmd:citation><gmd:extent><gmd:EX_Extent><gmd:geographicElement><gmd:EX_GeographicBoundingBox><gmd:westBoundLongitude><gco:Decimal>-5.29702139101081</gco:Decimal></gmd:westBoundLongitude><gmd:eastBoundLongitude><gco:Decimal>-1.78742782788927</gco:Decimal></gmd:eastBoundLongitude><gmd:southBoundLatitude><gco:Decimal>52.2429724067794</gco:Decimal></gmd:southBoundLatitude><gmd:northBoundLatitude><gco:Decimal>56.4562568567437</gco:Decimal></gmd:northBoundLatitude></gmd:EX_GeographicBoundingBox></gmd:geographicElement><gmd:verticalElement><gmd:EX_VerticalExtent><gmd:minimumValue><gco:Real>0.00</gco:Real></gmd:minimumValue><gmd:maximumValue><gco:Real>9007199254740990.00</gco:Real></gmd:maximumValue><gmd:unitOfMeasure><gml:UomLength><gml:uomName></gml:uomName></gml:UomLength></gmd:unitOfMeasure><gmd:verticalDatum><gmd:SC_VerticalDatum><gmd:datumID><gmd:RS_Identifier><gmd:code><gco:CharacterString></gco:CharacterString></gmd:code></gmd:RS_Identifier></gmd:datumID></gmd:SC_VerticalDatum></gmd:verticalDatum></gmd:EX_VerticalExtent></gmd:verticalElement></gmd:EX_Extent></gmd:extent></gmd:MD_DataIdentification></gmd:identificationInfo><gmd:distributionInfo><gmd:MD_Distribution><gmd:transferOptions><gmd:MD_DigitalTransferOptions><gmd:onLine><gmd:CI_OnlineResource><gmd:linkage><gmd:URL>Server=cathlvgisdb01; Service=sde:oracle10g:/;LOCAL=T_GISNETP; User=SPADMIN; Version=SDE.DEFAULT</gmd:URL></gmd:linkage></gmd:CI_OnlineResource></gmd:onLine></gmd:MD_DigitalTransferOptions></gmd:transferOptions><gmd:distributionFormat><gmd:MD_Format><gmd:name><gco:CharacterString>SDE Feature Class</gco:CharacterString></gmd:name></gmd:MD_Format></gmd:distributionFormat></gmd:MD_Distribution></gmd:distributionInfo><gmd:referenceSystemInfo><gmd:MD_ReferenceSystem><gmd:referenceSystemIdentifier><gmd:MD_Identifier><gmd:code><gco:CharacterString>Great Britain National Grid</gco:CharacterString></gmd:code></gmd:MD_Identifier></gmd:referenceSystemIdentifier></gmd:MD_ReferenceSystem></gmd:referenceSystemInfo></gmd:GEMINI_Metadata><mdDateSt Sync="TRUE">20120113</mdDateSt></metadata>
