<?xml version="1.0" encoding="UTF-8"?>
<metadata xml:lang="en"><Esri><CreaDate>20180426</CreaDate><CreaTime>09473100</CreaTime><SyncOnce>FALSE</SyncOnce><DataProperties><lineage><Process ToolSource="C:\Program Files\ArcGIS\ArcToolbox\Toolboxes\Cartography Tools.tbx\AddRepresentation" Date="20080401" Time="163841">AddRepresentation "Database Connections\SPADMIN on Production Run Migration.sde\SPADMIN.GroundMountedStation" GND_GroundMountedStation GND_SYMBOL GND_SHAPE STORE_CHANGE_AS_OVERRIDE Z:\Migrations\MigProdRun\ArcFM\GND\GND_symbols//GroundMountedStation.lyr NO_ASSIGN "Database Connections\SPADMIN on Production Run Migration.sde\SPADMIN.GroundMountedStation"</Process><Process ToolSource="C:\Program Files\ArcGIS\ArcToolbox\Toolboxes\Data Management Tools.tbx\AssignDefaultToField" Date="20080401" Time="165037">AssignDefaultToField "Database Connections\SPADMIN on Production Run Migration.sde\SPADMIN.GroundMountedStation" GND_SYMBOL 1 '4: GM Sec Sub';'3: Primary Sub';'1: Trans Sub';'2: Grid Sub' "Database Connections\SPADMIN on Production Run Migration.sde\SPADMIN.GroundMountedStation"</Process><Process ToolSource="D:\Program Files (x86)\ArcGIS\Desktop10.0\ArcToolbox\Toolboxes\Data Management Tools.tbx\CalculateField" Date="20150721" Time="131615">CalculateField "Secondary Sub (inc. Switchgear Only) selection" SPLICENCEAREA "SPM" VB #</Process><Process ToolSource="D:\Program Files (x86)\ArcGIS\Desktop10.0\ArcToolbox\Toolboxes\Data Management Tools.tbx\ChangeVersion" Date="20160206" Time="123304">ChangeVersion GroundMountedStation_Layer TRANSACTIONAL CBRMADMIN.FGDB_APPEND #</Process><Process ToolSource="D:\Program Files (x86)\ArcGIS\Desktop10.0\ArcToolbox\Toolboxes\Data Management Tools.tbx\ChangeVersion" Date="20160212" Time="232257">ChangeVersion GroundMountedStation_Layer TRANSACTIONAL CBRMADMIN.FGDB_APPEND #</Process><Process ToolSource="D:\Program Files (x86)\ArcGIS\Desktop10.0\ArcToolbox\Toolboxes\Data Management Tools.tbx\ChangeVersion" Date="20160319" Time="234232">ChangeVersion GroundMountedStation_Layer TRANSACTIONAL CBRMADMIN.FGDB_APPEND #</Process><Process ToolSource="D:\Program Files (x86)\ArcGIS\Desktop10.0\ArcToolbox\Toolboxes\Data Management Tools.tbx\ChangeVersion" Date="20160408" Time="150619">ChangeVersion GroundMountedStation_Layer TRANSACTIONAL CBRMADMIN.FGDB_APPEND #</Process><Process ToolSource="D:\Program Files (x86)\ArcGIS\Desktop10.0\ArcToolbox\Toolboxes\Data Management Tools.tbx\ChangeVersion" Date="20160411" Time="162402">ChangeVersion GroundMountedStation_Layer TRANSACTIONAL CBRMADMIN.FGDB_APPEND #</Process><Process ToolSource="D:\Program Files (x86)\ArcGIS\Desktop10.0\ArcToolbox\Toolboxes\Data Management Tools.tbx\ChangeVersion" Date="20160423" Time="195618">ChangeVersion GroundMountedStation_Layer TRANSACTIONAL CBRMADMIN.FGDB_APPEND #</Process><Process ToolSource="D:\Program Files (x86)\ArcGIS\Desktop10.0\ArcToolbox\Toolboxes\Data Management Tools.tbx\ChangeVersion" Date="20160602" Time="152646">ChangeVersion GroundMountedStation_Layer TRANSACTIONAL CBRMADMIN.FGDB_APPEND #</Process><Process ToolSource="D:\Program Files (x86)\ArcGIS\Desktop10.0\ArcToolbox\Toolboxes\Data Management Tools.tbx\ChangeVersion" Date="20160616" Time="162802">ChangeVersion GroundMountedStation_Layer TRANSACTIONAL CBRMADMIN.FGDB_APPEND #</Process><Process ToolSource="D:\Program Files (x86)\ArcGIS\Desktop10.0\ArcToolbox\Toolboxes\Data Management Tools.tbx\ChangeVersion" Date="20160828" Time="105557">ChangeVersion GroundMountedStation_Layer TRANSACTIONAL CBRMADMIN.FGDB_APPEND #</Process><Process ToolSource="D:\Program Files (x86)\ArcGIS\Desktop10.0\ArcToolbox\Toolboxes\Data Management Tools.tbx\ChangeVersion" Date="20161028" Time="111956">ChangeVersion GroundMountedStation_Layer TRANSACTIONAL CBRMADMIN.FGDB_APPEND #</Process><Process ToolSource="D:\Program Files (x86)\ArcGIS\Desktop10.0\ArcToolbox\Toolboxes\Data Management Tools.tbx\ChangeVersion" Date="20161031" Time="070219">ChangeVersion GroundMountedStation_Layer TRANSACTIONAL CBRMADMIN.FGDB_APPEND #</Process><Process ToolSource="D:\Program Files (x86)\ArcGIS\Desktop10.0\ArcToolbox\Toolboxes\Data Management Tools.tbx\ChangeVersion" Date="20161210" Time="020311">ChangeVersion GroundMountedStation_Layer TRANSACTIONAL CBRMADMIN.FGDB_APPEND #</Process><Process ToolSource="D:\Program Files (x86)\ArcGIS\Desktop10.0\ArcToolbox\Toolboxes\Data Management Tools.tbx\ChangeVersion" Date="20161217" Time="020304">ChangeVersion GroundMountedStation_Layer TRANSACTIONAL CBRMADMIN.FGDB_APPEND #</Process><Process ToolSource="D:\Program Files (x86)\ArcGIS\Desktop10.0\ArcToolbox\Toolboxes\Data Management Tools.tbx\ChangeVersion" Date="20161224" Time="020250">ChangeVersion GroundMountedStation_Layer TRANSACTIONAL CBRMADMIN.FGDB_APPEND #</Process><Process ToolSource="D:\Program Files (x86)\ArcGIS\Desktop10.0\ArcToolbox\Toolboxes\Data Management Tools.tbx\ChangeVersion" Date="20161231" Time="020256">ChangeVersion GroundMountedStation_Layer TRANSACTIONAL CBRMADMIN.FGDB_APPEND #</Process><Process ToolSource="D:\Program Files (x86)\ArcGIS\Desktop10.0\ArcToolbox\Toolboxes\Data Management Tools.tbx\ChangeVersion" Date="20170107" Time="020304">ChangeVersion GroundMountedStation_Layer TRANSACTIONAL CBRMADMIN.FGDB_APPEND #</Process><Process ToolSource="D:\Program Files (x86)\ArcGIS\Desktop10.0\ArcToolbox\Toolboxes\Data Management Tools.tbx\ChangeVersion" Date="20170114" Time="020300">ChangeVersion GroundMountedStation_Layer TRANSACTIONAL CBRMADMIN.FGDB_APPEND #</Process><Process ToolSource="D:\Program Files (x86)\ArcGIS\Desktop10.0\ArcToolbox\Toolboxes\Data Management Tools.tbx\ChangeVersion" Date="20170121" Time="020311">ChangeVersion GroundMountedStation_Layer TRANSACTIONAL CBRMADMIN.FGDB_APPEND #</Process><Process ToolSource="D:\Program Files (x86)\ArcGIS\Desktop10.0\ArcToolbox\Toolboxes\Data Management Tools.tbx\ChangeVersion" Date="20170128" Time="020309">ChangeVersion GroundMountedStation_Layer TRANSACTIONAL CBRMADMIN.FGDB_APPEND #</Process><Process ToolSource="D:\Program Files (x86)\ArcGIS\Desktop10.0\ArcToolbox\Toolboxes\Data Management Tools.tbx\ChangeVersion" Date="20170204" Time="020251">ChangeVersion GroundMountedStation_Layer TRANSACTIONAL CBRMADMIN.FGDB_APPEND #</Process><Process ToolSource="D:\Program Files (x86)\ArcGIS\Desktop10.0\ArcToolbox\Toolboxes\Data Management Tools.tbx\ChangeVersion" Date="20170211" Time="020246">ChangeVersion GroundMountedStation_Layer TRANSACTIONAL CBRMADMIN.FGDB_APPEND #</Process><Process ToolSource="D:\Program Files (x86)\ArcGIS\Desktop10.0\ArcToolbox\Toolboxes\Data Management Tools.tbx\ChangeVersion" Date="20170218" Time="020235">ChangeVersion GroundMountedStation_Layer TRANSACTIONAL CBRMADMIN.FGDB_APPEND #</Process><Process ToolSource="D:\Program Files (x86)\ArcGIS\Desktop10.0\ArcToolbox\Toolboxes\Data Management Tools.tbx\ChangeVersion" Date="20170225" Time="020245">ChangeVersion GroundMountedStation_Layer TRANSACTIONAL CBRMADMIN.FGDB_APPEND #</Process><Process ToolSource="D:\Program Files (x86)\ArcGIS\Desktop10.0\ArcToolbox\Toolboxes\Data Management Tools.tbx\ChangeVersion" Date="20170304" Time="020247">ChangeVersion GroundMountedStation_Layer TRANSACTIONAL CBRMADMIN.FGDB_APPEND #</Process><Process ToolSource="D:\Program Files (x86)\ArcGIS\Desktop10.0\ArcToolbox\Toolboxes\Data Management Tools.tbx\ChangeVersion" Date="20170311" Time="020237">ChangeVersion GroundMountedStation_Layer TRANSACTIONAL CBRMADMIN.FGDB_APPEND #</Process><Process ToolSource="D:\Program Files (x86)\ArcGIS\Desktop10.0\ArcToolbox\Toolboxes\Data Management Tools.tbx\ChangeVersion" Date="20170314" Time="115951">ChangeVersion GroundMountedStation_Layer TRANSACTIONAL CBRMADMIN.FGDB_APPEND #</Process><Process ToolSource="D:\Program Files (x86)\ArcGIS\Desktop10.0\ArcToolbox\Toolboxes\Data Management Tools.tbx\ChangeVersion" Date="20170318" Time="020650">ChangeVersion GroundMountedStation_Layer TRANSACTIONAL CBRMADMIN.FGDB_APPEND #</Process><Process ToolSource="D:\Program Files (x86)\ArcGIS\Desktop10.0\ArcToolbox\Toolboxes\Data Management Tools.tbx\ChangeVersion" Date="20170325" Time="020418">ChangeVersion GroundMountedStation_Layer TRANSACTIONAL CBRMADMIN.FGDB_APPEND #</Process><Process ToolSource="D:\Program Files (x86)\ArcGIS\Desktop10.0\ArcToolbox\Toolboxes\Data Management Tools.tbx\ChangeVersion" Date="20170401" Time="020217">ChangeVersion GroundMountedStation_Layer TRANSACTIONAL CBRMADMIN.FGDB_APPEND #</Process><Process ToolSource="D:\Program Files (x86)\ArcGIS\Desktop10.0\ArcToolbox\Toolboxes\Data Management Tools.tbx\ChangeVersion" Date="20170408" Time="020159">ChangeVersion GroundMountedStation_Layer TRANSACTIONAL CBRMADMIN.FGDB_APPEND #</Process><Process ToolSource="D:\Program Files (x86)\ArcGIS\Desktop10.0\ArcToolbox\Toolboxes\Data Management Tools.tbx\ChangeVersion" Date="20170415" Time="020204">ChangeVersion GroundMountedStation_Layer TRANSACTIONAL CBRMADMIN.FGDB_APPEND #</Process><Process ToolSource="D:\Program Files (x86)\ArcGIS\Desktop10.0\ArcToolbox\Toolboxes\Data Management Tools.tbx\ChangeVersion" Date="20170422" Time="020230">ChangeVersion GroundMountedStation_Layer TRANSACTIONAL CBRMADMIN.FGDB_APPEND #</Process><Process ToolSource="D:\Program Files (x86)\ArcGIS\Desktop10.0\ArcToolbox\Toolboxes\Data Management Tools.tbx\ChangeVersion" Date="20170429" Time="020232">ChangeVersion GroundMountedStation_Layer TRANSACTIONAL CBRMADMIN.FGDB_APPEND #</Process><Process ToolSource="D:\Program Files (x86)\ArcGIS\Desktop10.0\ArcToolbox\Toolboxes\Data Management Tools.tbx\ChangeVersion" Date="20170506" Time="020206">ChangeVersion GroundMountedStation_Layer TRANSACTIONAL CBRMADMIN.FGDB_APPEND #</Process><Process ToolSource="D:\Program Files (x86)\ArcGIS\Desktop10.0\ArcToolbox\Toolboxes\Data Management Tools.tbx\ChangeVersion" Date="20170513" Time="020249">ChangeVersion GroundMountedStation_Layer TRANSACTIONAL CBRMADMIN.FGDB_APPEND #</Process><Process ToolSource="D:\Program Files (x86)\ArcGIS\Desktop10.0\ArcToolbox\Toolboxes\Data Management Tools.tbx\ChangeVersion" Date="20170520" Time="020238">ChangeVersion GroundMountedStation_Layer TRANSACTIONAL CBRMADMIN.FGDB_APPEND #</Process><Process ToolSource="D:\Program Files (x86)\ArcGIS\Desktop10.0\ArcToolbox\Toolboxes\Data Management Tools.tbx\ChangeVersion" Date="20170527" Time="020205">ChangeVersion GroundMountedStation_Layer TRANSACTIONAL CBRMADMIN.FGDB_APPEND #</Process><Process ToolSource="D:\Program Files (x86)\ArcGIS\Desktop10.0\ArcToolbox\Toolboxes\Data Management Tools.tbx\ChangeVersion" Date="20170603" Time="020224">ChangeVersion GroundMountedStation_Layer TRANSACTIONAL CBRMADMIN.FGDB_APPEND #</Process><Process ToolSource="D:\Program Files (x86)\ArcGIS\Desktop10.0\ArcToolbox\Toolboxes\Data Management Tools.tbx\ChangeVersion" Date="20170617" Time="020326">ChangeVersion GroundMountedStation_Layer TRANSACTIONAL CBRMADMIN.FGDB_APPEND #</Process><Process ToolSource="D:\Program Files (x86)\ArcGIS\Desktop10.0\ArcToolbox\Toolboxes\Data Management Tools.tbx\ChangeVersion" Date="20170623" Time="200246">ChangeVersion GroundMountedStation_Layer TRANSACTIONAL CBRMADMIN.FGDB_APPEND #</Process><Process ToolSource="D:\Program Files (x86)\ArcGIS\Desktop10.0\ArcToolbox\Toolboxes\Data Management Tools.tbx\ChangeVersion" Date="20170630" Time="200235">ChangeVersion GroundMountedStation_Layer TRANSACTIONAL CBRMADMIN.FGDB_APPEND #</Process><Process ToolSource="D:\Program Files (x86)\ArcGIS\Desktop10.0\ArcToolbox\Toolboxes\Data Management Tools.tbx\ChangeVersion" Date="20170707" Time="200502">ChangeVersion GroundMountedStation_Layer TRANSACTIONAL CBRMADMIN.FGDB_APPEND #</Process><Process ToolSource="D:\Program Files (x86)\ArcGIS\Desktop10.0\ArcToolbox\Toolboxes\Data Management Tools.tbx\ChangeVersion" Date="20170714" Time="200234">ChangeVersion GroundMountedStation_Layer TRANSACTIONAL CBRMADMIN.FGDB_APPEND #</Process><Process ToolSource="D:\Program Files (x86)\ArcGIS\Desktop10.0\ArcToolbox\Toolboxes\Data Management Tools.tbx\ChangeVersion" Date="20170721" Time="200242">ChangeVersion GroundMountedStation_Layer TRANSACTIONAL CBRMADMIN.FGDB_APPEND #</Process><Process ToolSource="D:\Program Files (x86)\ArcGIS\Desktop10.0\ArcToolbox\Toolboxes\Data Management Tools.tbx\ChangeVersion" Date="20170728" Time="200400">ChangeVersion GroundMountedStation_Layer TRANSACTIONAL CBRMADMIN.FGDB_APPEND #</Process><Process ToolSource="D:\Program Files (x86)\ArcGIS\Desktop10.0\ArcToolbox\Toolboxes\Data Management Tools.tbx\ChangeVersion" Date="20170804" Time="200308">ChangeVersion GroundMountedStation_Layer TRANSACTIONAL CBRMADMIN.FGDB_APPEND #</Process><Process ToolSource="D:\Program Files (x86)\ArcGIS\Desktop10.0\ArcToolbox\Toolboxes\Data Management Tools.tbx\ChangeVersion" Date="20170811" Time="200257">ChangeVersion GroundMountedStation_Layer TRANSACTIONAL CBRMADMIN.FGDB_APPEND #</Process><Process ToolSource="D:\Program Files (x86)\ArcGIS\Desktop10.0\ArcToolbox\Toolboxes\Data Management Tools.tbx\ChangeVersion" Date="20170818" Time="200309">ChangeVersion GroundMountedStation_Layer TRANSACTIONAL CBRMADMIN.FGDB_APPEND #</Process><Process ToolSource="D:\Program Files (x86)\ArcGIS\Desktop10.0\ArcToolbox\Toolboxes\Data Management Tools.tbx\ChangeVersion" Date="20170825" Time="200316">ChangeVersion GroundMountedStation_Layer TRANSACTIONAL CBRMADMIN.FGDB_APPEND #</Process><Process ToolSource="D:\Program Files (x86)\ArcGIS\Desktop10.0\ArcToolbox\Toolboxes\Data Management Tools.tbx\ChangeVersion" Date="20170901" Time="200409">ChangeVersion GroundMountedStation_Layer TRANSACTIONAL CBRMADMIN.FGDB_APPEND #</Process><Process ToolSource="D:\Program Files (x86)\ArcGIS\Desktop10.0\ArcToolbox\Toolboxes\Data Management Tools.tbx\ChangeVersion" Date="20170908" Time="200304">ChangeVersion GroundMountedStation_Layer TRANSACTIONAL CBRMADMIN.FGDB_APPEND #</Process><Process ToolSource="D:\Program Files (x86)\ArcGIS\Desktop10.0\ArcToolbox\Toolboxes\Data Management Tools.tbx\ChangeVersion" Date="20170915" Time="200313">ChangeVersion GroundMountedStation_Layer TRANSACTIONAL CBRMADMIN.FGDB_APPEND #</Process><Process ToolSource="D:\Program Files (x86)\ArcGIS\Desktop10.0\ArcToolbox\Toolboxes\Data Management Tools.tbx\ChangeVersion" Date="20170922" Time="200300">ChangeVersion GroundMountedStation_Layer TRANSACTIONAL CBRMADMIN.FGDB_APPEND #</Process><Process ToolSource="D:\Program Files (x86)\ArcGIS\Desktop10.0\ArcToolbox\Toolboxes\Data Management Tools.tbx\ChangeVersion" Date="20170929" Time="200313">ChangeVersion GroundMountedStation_Layer TRANSACTIONAL CBRMADMIN.FGDB_APPEND #</Process><Process ToolSource="D:\Program Files (x86)\ArcGIS\Desktop10.0\ArcToolbox\Toolboxes\Data Management Tools.tbx\ChangeVersion" Date="20171006" Time="200345">ChangeVersion GroundMountedStation_Layer TRANSACTIONAL CBRMADMIN.FGDB_APPEND #</Process><Process ToolSource="D:\Program Files (x86)\ArcGIS\Desktop10.0\ArcToolbox\Toolboxes\Data Management Tools.tbx\ChangeVersion" Date="20171013" Time="200319">ChangeVersion GroundMountedStation_Layer TRANSACTIONAL CBRMADMIN.FGDB_APPEND #</Process><Process ToolSource="D:\Program Files (x86)\ArcGIS\Desktop10.0\ArcToolbox\Toolboxes\Data Management Tools.tbx\ChangeVersion" Date="20171020" Time="200122">ChangeVersion GroundMountedStation_Layer TRANSACTIONAL CBRMADMIN.FGDB_APPEND #</Process><Process ToolSource="D:\Program Files (x86)\ArcGIS\Desktop10.0\ArcToolbox\Toolboxes\Data Management Tools.tbx\ChangeVersion" Date="20171027" Time="200123">ChangeVersion GroundMountedStation_Layer TRANSACTIONAL CBRMADMIN.FGDB_APPEND #</Process><Process ToolSource="D:\Program Files (x86)\ArcGIS\Desktop10.0\ArcToolbox\Toolboxes\Data Management Tools.tbx\ChangeVersion" Date="20171103" Time="200127">ChangeVersion GroundMountedStation_Layer TRANSACTIONAL CBRMADMIN.FGDB_APPEND #</Process><Process ToolSource="D:\Program Files (x86)\ArcGIS\Desktop10.0\ArcToolbox\Toolboxes\Data Management Tools.tbx\ChangeVersion" Date="20171110" Time="200118">ChangeVersion GroundMountedStation_Layer TRANSACTIONAL CBRMADMIN.FGDB_APPEND #</Process><Process ToolSource="D:\Program Files (x86)\ArcGIS\Desktop10.0\ArcToolbox\Toolboxes\Data Management Tools.tbx\ChangeVersion" Date="20171117" Time="200117">ChangeVersion GroundMountedStation_Layer TRANSACTIONAL CBRMADMIN.FGDB_APPEND #</Process><Process ToolSource="D:\Program Files (x86)\ArcGIS\Desktop10.0\ArcToolbox\Toolboxes\Data Management Tools.tbx\ChangeVersion" Date="20171124" Time="200120">ChangeVersion GroundMountedStation_Layer TRANSACTIONAL CBRMADMIN.FGDB_APPEND #</Process><Process ToolSource="D:\Program Files (x86)\ArcGIS\Desktop10.0\ArcToolbox\Toolboxes\Data Management Tools.tbx\ChangeVersion" Date="20171201" Time="200119">ChangeVersion GroundMountedStation_Layer TRANSACTIONAL CBRMADMIN.FGDB_APPEND #</Process><Process ToolSource="D:\Program Files (x86)\ArcGIS\Desktop10.0\ArcToolbox\Toolboxes\Data Management Tools.tbx\ChangeVersion" Date="20171208" Time="200128">ChangeVersion GroundMountedStation_Layer TRANSACTIONAL CBRMADMIN.FGDB_APPEND #</Process><Process ToolSource="D:\Program Files (x86)\ArcGIS\Desktop10.0\ArcToolbox\Toolboxes\Data Management Tools.tbx\ChangeVersion" Date="20171215" Time="200133">ChangeVersion GroundMountedStation_Layer TRANSACTIONAL CBRMADMIN.FGDB_APPEND #</Process><Process ToolSource="D:\Program Files (x86)\ArcGIS\Desktop10.0\ArcToolbox\Toolboxes\Data Management Tools.tbx\ChangeVersion" Date="20171222" Time="200126">ChangeVersion GroundMountedStation_Layer TRANSACTIONAL CBRMADMIN.FGDB_APPEND #</Process><Process ToolSource="D:\Program Files (x86)\ArcGIS\Desktop10.0\ArcToolbox\Toolboxes\Data Management Tools.tbx\ChangeVersion" Date="20171228" Time="170542">ChangeVersion GroundMountedStation_Layer TRANSACTIONAL CBRMADMIN.FGDB_APPEND #</Process><Process ToolSource="d:\program files (x86)\arcgis\desktop10.2\ArcToolbox\Toolboxes\Data Management Tools.tbx\ChangeVersion" Date="20180105" Time="140215">ChangeVersion GroundMountedStation_Layer TRANSACTIONAL CBRMADMIN.CF_ASSET_EXTRACT #</Process><Process ToolSource="d:\program files (x86)\arcgis\desktop10.2\ArcToolbox\Toolboxes\Data Management Tools.tbx\ChangeVersion" Date="20180105" Time="142550">ChangeVersion GroundMountedStation_Layer TRANSACTIONAL CBRMADMIN.CF_ASSET_EXTRACT #</Process><Process ToolSource="d:\program files (x86)\arcgis\desktop10.2\ArcToolbox\Toolboxes\Data Management Tools.tbx\ChangeVersion" Date="20180109" Time="133519">ChangeVersion GroundMountedStation_Layer TRANSACTIONAL CBRMADMIN.CF_ASSET_EXTRACT #</Process><Process ToolSource="d:\program files (x86)\arcgis\desktop10.2\ArcToolbox\Toolboxes\Data Management Tools.tbx\ChangeVersion" Date="20180112" Time="161757">ChangeVersion GroundMountedStation_Layer TRANSACTIONAL CBRMADMIN.CF_ASSET_EXTRACT #</Process><Process ToolSource="d:\program files (x86)\arcgis\desktop10.2\ArcToolbox\Toolboxes\Data Management Tools.tbx\ChangeVersion" Date="20180119" Time="200142">ChangeVersion GroundMountedStation_Layer TRANSACTIONAL CBRMADMIN.CF_ASSET_EXTRACT #</Process><Process ToolSource="d:\program files (x86)\arcgis\desktop10.2\ArcToolbox\Toolboxes\Data Management Tools.tbx\ChangeVersion" Date="20180126" Time="200155">ChangeVersion GroundMountedStation_Layer TRANSACTIONAL CBRMADMIN.CF_ASSET_EXTRACT #</Process><Process ToolSource="d:\program files (x86)\arcgis\desktop10.2\ArcToolbox\Toolboxes\Data Management Tools.tbx\ChangeVersion" Date="20180202" Time="200206">ChangeVersion GroundMountedStation_Layer TRANSACTIONAL CBRMADMIN.CF_ASSET_EXTRACT #</Process><Process ToolSource="d:\program files (x86)\arcgis\desktop10.2\ArcToolbox\Toolboxes\Data Management Tools.tbx\ChangeVersion" Date="20180209" Time="200208">ChangeVersion GroundMountedStation_Layer TRANSACTIONAL CBRMADMIN.CF_ASSET_EXTRACT #</Process><Process ToolSource="d:\program files (x86)\arcgis\desktop10.2\ArcToolbox\Toolboxes\Data Management Tools.tbx\ChangeVersion" Date="20180216" Time="200207">ChangeVersion GroundMountedStation_Layer TRANSACTIONAL CBRMADMIN.CF_ASSET_EXTRACT #</Process><Process ToolSource="d:\program files (x86)\arcgis\desktop10.2\ArcToolbox\Toolboxes\Data Management Tools.tbx\ChangeVersion" Date="20180302" Time="200210">ChangeVersion GroundMountedStation_Layer TRANSACTIONAL CBRMADMIN.CF_ASSET_EXTRACT #</Process><Process ToolSource="d:\program files (x86)\arcgis\desktop10.2\ArcToolbox\Toolboxes\Data Management Tools.tbx\ChangeVersion" Date="20180309" Time="200247">ChangeVersion GroundMountedStation_Layer TRANSACTIONAL CBRMADMIN.CF_ASSET_EXTRACT #</Process><Process ToolSource="d:\program files (x86)\arcgis\desktop10.2\ArcToolbox\Toolboxes\Data Management Tools.tbx\ChangeVersion" Date="20180316" Time="200209">ChangeVersion GroundMountedStation_Layer TRANSACTIONAL CBRMADMIN.CF_ASSET_EXTRACT #</Process><Process ToolSource="d:\program files (x86)\arcgis\desktop10.2\ArcToolbox\Toolboxes\Data Management Tools.tbx\ChangeVersion" Date="20180323" Time="200236">ChangeVersion GroundMountedStation_Layer TRANSACTIONAL CBRMADMIN.FGDB_APPEND #</Process><Process ToolSource="d:\program files (x86)\arcgis\desktop10.2\ArcToolbox\Toolboxes\Data Management Tools.tbx\ChangeVersion" Date="20180330" Time="200208">ChangeVersion GroundMountedStation_Layer TRANSACTIONAL CBRMADMIN.FGDB_APPEND #</Process><Process ToolSource="d:\program files (x86)\arcgis\desktop10.2\ArcToolbox\Toolboxes\Data Management Tools.tbx\ChangeVersion" Date="20180406" Time="200235">ChangeVersion GroundMountedStation_Layer TRANSACTIONAL CBRMADMIN.FGDB_APPEND #</Process><Process ToolSource="d:\program files (x86)\arcgis\desktop10.2\ArcToolbox\Toolboxes\Data Management Tools.tbx\ChangeVersion" Date="20180413" Time="200206">ChangeVersion GroundMountedStation_Layer TRANSACTIONAL CBRMADMIN.FGDB_APPEND #</Process><Process ToolSource="d:\program files (x86)\arcgis\desktop10.2\ArcToolbox\Toolboxes\Data Management Tools.tbx\ChangeVersion" Date="20180420" Time="200209">ChangeVersion GroundMountedStation_Layer TRANSACTIONAL CBRMADMIN.FGDB_APPEND #</Process></lineage></DataProperties><SyncDate>20091116</SyncDate><SyncTime>16135800</SyncTime><ModDate>20091116</ModDate><ModTime>16135800</ModTime><ArcGISFormat>1.0</ArcGISFormat></Esri><idinfo><native Sync="TRUE">Microsoft Windows 2000 Version 5.2 (Build 3790) Service Pack 2; ESRI ArcCatalog 9.2.4.1420</native><descript><langdata Sync="TRUE">en</langdata><abstract>REQUIRED: A brief narrative summary of the data set.</abstract><purpose>REQUIRED: A summary of the intentions with which the data set was developed.</purpose></descript><citation><citeinfo><origin>REQUIRED: The name of an organization or individual that developed the data set.</origin><pubdate>REQUIRED: The date when the data set is published or otherwise made available for release.</pubdate><title Sync="TRUE">SPADMIN.GroundMountedStation</title><ftname Sync="TRUE">SPADMIN.GroundMountedStation</ftname><geoform Sync="TRUE">vector digital data</geoform><onlink Sync="TRUE">Server=cathlvgisdb01; Service=sde:oracle10g:/;LOCAL=T_GISNETP; User=SPADMIN; Version=SDE.DEFAULT</onlink></citeinfo></citation><timeperd><current>REQUIRED: The basis on which the time period of content information is determined.</current><timeinfo><sngdate><caldate>REQUIRED: The year (and optionally month, or month and day) for which the data set corresponds to the ground.</caldate></sngdate></timeinfo></timeperd><status><progress>REQUIRED: The state of the data set.</progress><update>REQUIRED: The frequency with which changes and additions are made to the data set after the initial data set is completed.</update></status><spdom><bounding><westbc Sync="TRUE">-6.825149</westbc><eastbc Sync="TRUE">2.856086</eastbc><northbc Sync="TRUE">62.038552</northbc><southbc Sync="TRUE">52.263246</southbc></bounding><lboundng><leftbc Sync="TRUE">147083.517400</leftbc><rightbc Sync="TRUE">654545.000000</rightbc><bottombc Sync="TRUE">269388.713000</bottombc><topbc Sync="TRUE">1350889.933900</topbc></lboundng></spdom><keywords><theme><themekt>REQUIRED: Reference to a formally registered thesaurus or a similar authoritative source of theme keywords.</themekt><themekey>REQUIRED: Common-use word or phrase used to describe the subject of the data set.</themekey></theme></keywords><accconst>REQUIRED: Restrictions and legal prerequisites for accessing the data set.</accconst><useconst>REQUIRED: Restrictions and legal prerequisites for using the data set after access is granted.</useconst><natvform Sync="TRUE">SDE Feature Class</natvform></idinfo><dataIdInfo><envirDesc Sync="TRUE">Microsoft Windows 2000 Version 5.2 (Build 3790) Service Pack 2; ESRI ArcCatalog 9.2.4.1420</envirDesc><dataLang><languageCode Sync="TRUE" value="en"></languageCode></dataLang><idCitation><resTitle Sync="TRUE">SPADMIN.GroundMountedStation</resTitle><presForm><PresFormCd Sync="TRUE" value="005"></PresFormCd></presForm></idCitation><spatRpType><SpatRepTypCd Sync="TRUE" value="001"></SpatRepTypCd></spatRpType><dataExt><geoEle><GeoBndBox esriExtentType="native"><westBL Sync="TRUE">147083.5174</westBL><eastBL Sync="TRUE">654545</eastBL><northBL Sync="TRUE">1350889.9339</northBL><southBL Sync="TRUE">269388.713</southBL><exTypeCode Sync="TRUE">1</exTypeCode></GeoBndBox></geoEle></dataExt><geoBox esriExtentType="decdegrees"><westBL Sync="TRUE">-6.825149</westBL><eastBL Sync="TRUE">2.856086</eastBL><northBL Sync="TRUE">62.038552</northBL><southBL Sync="TRUE">52.263246</southBL><exTypeCode Sync="TRUE">1</exTypeCode></geoBox></dataIdInfo><metainfo><langmeta Sync="TRUE">en</langmeta><metstdn Sync="TRUE">FGDC Content Standards for Digital Geospatial Metadata</metstdn><metstdv Sync="TRUE">FGDC-STD-001-1998</metstdv><mettc Sync="TRUE">local time</mettc><metc><cntinfo><cntorgp><cntper>REQUIRED: The person responsible for the metadata information.</cntper><cntorg>REQUIRED: The organization responsible for the metadata information.</cntorg></cntorgp><cntaddr><addrtype>REQUIRED: The mailing and/or physical address for the organization or individual.</addrtype><city>REQUIRED: The city of the address.</city><state>REQUIRED: The state or province of the address.</state><postal>REQUIRED: The ZIP or other postal code of the address.</postal></cntaddr><cntvoice>REQUIRED: The telephone number by which individuals can speak to the organization or individual.</cntvoice></cntinfo></metc><metd Sync="TRUE">20091116</metd><metextns><onlink Sync="TRUE">http://www.esri.com/metadata/esriprof80.html</onlink><metprof Sync="TRUE">ESRI Metadata Profile</metprof></metextns></metainfo><mdLang><languageCode Sync="TRUE" value="en"></languageCode></mdLang><mdStanName Sync="TRUE">ISO 19115 Geographic Information - Metadata</mdStanName><mdStanVer Sync="TRUE">DIS_ESRI1.0</mdStanVer><mdChar><CharSetCd Sync="TRUE" value="004"></CharSetCd></mdChar><mdHrLv><ScopeCd Sync="TRUE" value="005"></ScopeCd></mdHrLv><mdHrLvName Sync="TRUE">dataset</mdHrLvName><GEMINI_Metadata><IdentificationInfo><spatialRepresentationType codeList="001"></spatialRepresentationType><extent><geographicElement><westBoundLongitude>-6.098246</westBoundLongitude><eastBoundLongitude>-1.778587</eastBoundLongitude><northBoundLatitude>56.456855</northBoundLatitude><southBoundLatitude>52.263997</southBoundLatitude></geographicElement></extent></IdentificationInfo><dateStamp>20080627</dateStamp><metadataStandardName>UK GEMINI Standard</metadataStandardName><metadataStandardVersion>1.0</metadataStandardVersion><referenceSystemInfo><referenceSystemIdentifier><code>001</code></referenceSystemIdentifier></referenceSystemInfo></GEMINI_Metadata><distinfo><resdesc Sync="TRUE">Downloadable Data</resdesc></distinfo><distInfo><distributor><distorTran><onLineSrc><orDesc Sync="TRUE">002</orDesc><linkage Sync="TRUE">Server=cathlvgisdb01; Service=sde:oracle10g:/;LOCAL=T_GISNETP; User=SPADMIN; Version=SDE.DEFAULT</linkage><protocol Sync="TRUE">ArcSDE Connection</protocol></onLineSrc></distorTran><distorFormat><formatName Sync="TRUE">SDE Feature Class</formatName></distorFormat></distributor></distInfo><spdoinfo><direct Sync="TRUE">Vector</direct><ptvctinf><esriterm Name="SPADMIN.GroundMountedStation"><efeatyp Sync="TRUE">Simple</efeatyp><efeageom Sync="TRUE">Point</efeageom><esritopo Sync="TRUE">FALSE</esritopo><efeacnt Sync="TRUE">34372</efeacnt><spindex Sync="TRUE">TRUE</spindex><linrefer Sync="TRUE">FALSE</linrefer></esriterm><sdtsterm Name="SPADMIN.GroundMountedStation"><sdtstype Sync="TRUE">Entity point</sdtstype><ptvctcnt Sync="TRUE">34372</ptvctcnt></sdtsterm></ptvctinf></spdoinfo><spref><horizsys><cordsysn><geogcsn Sync="TRUE">GCS_OSGB_1936</geogcsn><projcsn Sync="TRUE">British_National_Grid</projcsn></cordsysn><planar><planci><plance Sync="TRUE">coordinate pair</plance><plandu Sync="TRUE">meters</plandu><coordrep><absres Sync="TRUE">0.000100</absres><ordres Sync="TRUE">0.000100</ordres></coordrep></planci><mapproj><mapprojn Sync="TRUE">Transverse Mercator</mapprojn><transmer><sfctrmer Sync="TRUE">0.999601</sfctrmer><longcm Sync="TRUE">-2.000000</longcm><latprjo Sync="TRUE">49.000000</latprjo><feast Sync="TRUE">400000.000000</feast><fnorth Sync="TRUE">-100000.000000</fnorth></transmer></mapproj></planar><geodetic><horizdn Sync="TRUE">D_OSGB_1936</horizdn><ellips Sync="TRUE">Airy_1830</ellips><semiaxis Sync="TRUE">6377563.396000</semiaxis><denflat Sync="TRUE">299.324965</denflat></geodetic></horizsys><vertdef><altsys><altenc Sync="TRUE">Explicit elevation coordinate included with horizontal coordinates</altenc><altres Sync="TRUE">1.000000</altres></altsys></vertdef></spref><refSysInfo><RefSystem><refSysID><identCode Sync="TRUE">British_National_Grid</identCode></refSysID></RefSystem></refSysInfo><spatRepInfo><VectSpatRep><topLvl><TopoLevCd Sync="TRUE" value="001"></TopoLevCd></topLvl><geometObjs Name="SPADMIN.GroundMountedStation"><geoObjTyp><GeoObjTypCd Sync="TRUE" value="004"></GeoObjTypCd></geoObjTyp><geoObjCnt Sync="TRUE">34372</geoObjCnt></geometObjs></VectSpatRep></spatRepInfo><eainfo><detailed Name="SPADMIN.GroundMountedStation"><enttyp><enttypl Sync="TRUE">SPADMIN.GroundMountedStation</enttypl><enttypt Sync="TRUE">Feature Class</enttypt><enttypc Sync="TRUE">34372</enttypc></enttyp><attr><attrlabl Sync="TRUE">OBJECTID</attrlabl><attalias Sync="TRUE">OBJECTID</attalias><attrtype Sync="TRUE">OID</attrtype><attwidth Sync="TRUE">4</attwidth><atprecis Sync="TRUE">10</atprecis><attscale Sync="TRUE">0</attscale><attrdef Sync="TRUE">Internal feature number.</attrdef><attrdefs Sync="TRUE">ESRI</attrdefs><attrdomv><udom Sync="TRUE">Sequential unique whole numbers that are automatically generated.</udom></attrdomv></attr><attr><attrlabl Sync="TRUE">CREATIONUSER</attrlabl><attalias Sync="TRUE">Creation User</attalias><attrtype Sync="TRUE">String</attrtype><attwidth Sync="TRUE">50</attwidth><atprecis Sync="TRUE">0</atprecis><attscale Sync="TRUE">0</attscale></attr><attr><attrlabl Sync="TRUE">DATECREATED</attrlabl><attalias Sync="TRUE">Date Created</attalias><attrtype Sync="TRUE">Date</attrtype><attwidth Sync="TRUE">36</attwidth><atprecis Sync="TRUE">0</atprecis><attscale Sync="TRUE">0</attscale></attr><attr><attrlabl Sync="TRUE">DATEMODIFIED</attrlabl><attalias Sync="TRUE">Date Modified</attalias><attrtype Sync="TRUE">Date</attrtype><attwidth Sync="TRUE">36</attwidth><atprecis Sync="TRUE">0</atprecis><attscale Sync="TRUE">0</attscale></attr><attr><attrlabl Sync="TRUE">LASTUSER</attrlabl><attalias Sync="TRUE">Last User</attalias><attrtype Sync="TRUE">String</attrtype><attwidth Sync="TRUE">50</attwidth><atprecis Sync="TRUE">0</atprecis><attscale Sync="TRUE">0</attscale></attr><attr><attrlabl Sync="TRUE">GLOBALID</attrlabl><attalias Sync="TRUE">GlobalID</attalias><attrtype Sync="TRUE">0</attrtype><attwidth Sync="TRUE">38</attwidth><atprecis Sync="TRUE">0</atprecis><attscale Sync="TRUE">0</attscale></attr><attr><attrlabl Sync="TRUE">SPLABELHIDE</attrlabl><attalias Sync="TRUE">Hide Label</attalias><attrtype Sync="TRUE">SmallInteger</attrtype><attwidth Sync="TRUE">2</attwidth><atprecis Sync="TRUE">5</atprecis><attscale Sync="TRUE">0</attscale></attr><attr><attrlabl Sync="TRUE">SUBTYPECD</attrlabl><attalias Sync="TRUE">Subtype</attalias><attrtype Sync="TRUE">Integer</attrtype><attwidth Sync="TRUE">4</attwidth><atprecis Sync="TRUE">10</atprecis><attscale Sync="TRUE">0</attscale></attr><attr><attrlabl Sync="TRUE">SYMBOLROTATION</attrlabl><attalias Sync="TRUE">Symbol Rotation</attalias><attrtype Sync="TRUE">Double</attrtype><attwidth Sync="TRUE">8</attwidth><atprecis Sync="TRUE">32</atprecis><attscale Sync="TRUE">2</attscale></attr><attr><attrlabl Sync="TRUE">SPOBJECT</attrlabl><attalias Sync="TRUE">UDB Object Number</attalias><attrtype Sync="TRUE">Integer</attrtype><attwidth Sync="TRUE">4</attwidth><atprecis Sync="TRUE">10</atprecis><attscale Sync="TRUE">0</attscale></attr><attr><attrlabl Sync="TRUE">SPFNAME</attrlabl><attalias Sync="TRUE">FName</attalias><attrtype Sync="TRUE">Integer</attrtype><attwidth Sync="TRUE">4</attwidth><atprecis Sync="TRUE">9</atprecis><attscale Sync="TRUE">0</attscale></attr><attr><attrlabl Sync="TRUE">SPLNAME</attrlabl><attalias Sync="TRUE">LName</attalias><attrtype Sync="TRUE">Integer</attrtype><attwidth Sync="TRUE">4</attwidth><atprecis Sync="TRUE">9</atprecis><attscale Sync="TRUE">0</attscale></attr><attr><attrlabl Sync="TRUE">SPPRIMVOLT</attrlabl><attalias Sync="TRUE">Primary Voltage</attalias><attrtype Sync="TRUE">String</attrtype><attwidth Sync="TRUE">8</attwidth><atprecis Sync="TRUE">0</atprecis><attscale Sync="TRUE">0</attscale></attr><attr><attrlabl Sync="TRUE">SPACCESSDTLS</attrlabl><attalias Sync="TRUE">Access Details</attalias><attrtype Sync="TRUE">String</attrtype><attwidth Sync="TRUE">200</attwidth><atprecis Sync="TRUE">0</atprecis><attscale Sync="TRUE">0</attscale></attr><attr><attrlabl Sync="TRUE">SPADDR1</attrlabl><attalias Sync="TRUE">Address 1</attalias><attrtype Sync="TRUE">String</attrtype><attwidth Sync="TRUE">80</attwidth><atprecis Sync="TRUE">0</atprecis><attscale Sync="TRUE">0</attscale></attr><attr><attrlabl Sync="TRUE">SPADDR2</attrlabl><attalias Sync="TRUE">Address 2</attalias><attrtype Sync="TRUE">String</attrtype><attwidth Sync="TRUE">80</attwidth><atprecis Sync="TRUE">0</atprecis><attscale Sync="TRUE">0</attscale></attr><attr><attrlabl Sync="TRUE">SPADDR3</attrlabl><attalias Sync="TRUE">Address 3</attalias><attrtype Sync="TRUE">String</attrtype><attwidth Sync="TRUE">80</attwidth><atprecis Sync="TRUE">0</atprecis><attscale Sync="TRUE">0</attscale></attr><attr><attrlabl Sync="TRUE">SPADDR4</attrlabl><attalias Sync="TRUE">Address 4</attalias><attrtype Sync="TRUE">String</attrtype><attwidth Sync="TRUE">80</attwidth><atprecis Sync="TRUE">0</atprecis><attscale Sync="TRUE">0</attscale></attr><attr><attrlabl Sync="TRUE">SPCAPACITY</attrlabl><attalias Sync="TRUE">Capacity</attalias><attrtype Sync="TRUE">Double</attrtype><attwidth Sync="TRUE">8</attwidth><atprecis Sync="TRUE">32</atprecis><attscale Sync="TRUE">3</attscale></attr><attr><attrlabl Sync="TRUE">SPKEYADDR</attrlabl><attalias Sync="TRUE">Keyholder Address</attalias><attrtype Sync="TRUE">String</attrtype><attwidth Sync="TRUE">80</attwidth><atprecis Sync="TRUE">0</atprecis><attscale Sync="TRUE">0</attscale></attr><attr><attrlabl Sync="TRUE">SPKEYNAME</attrlabl><attalias Sync="TRUE">Keyholder Name</attalias><attrtype Sync="TRUE">String</attrtype><attwidth Sync="TRUE">50</attwidth><atprecis Sync="TRUE">0</atprecis><attscale Sync="TRUE">0</attscale></attr><attr><attrlabl Sync="TRUE">SPKEYPHONENO</attrlabl><attalias Sync="TRUE">Keyholder Phone Number</attalias><attrtype Sync="TRUE">String</attrtype><attwidth Sync="TRUE">20</attwidth><atprecis Sync="TRUE">0</atprecis><attscale Sync="TRUE">0</attscale></attr><attr><attrlabl Sync="TRUE">SPLEGACYREFNO</attrlabl><attalias Sync="TRUE">Legacy Ref Number</attalias><attrtype Sync="TRUE">String</attrtype><attwidth Sync="TRUE">50</attwidth><atprecis Sync="TRUE">0</atprecis><attscale Sync="TRUE">0</attscale></attr><attr><attrlabl Sync="TRUE">SPPRIMGROUPING</attrlabl><attalias Sync="TRUE">Primary Group</attalias><attrtype Sync="TRUE">String</attrtype><attwidth Sync="TRUE">61</attwidth><atprecis Sync="TRUE">0</atprecis><attscale Sync="TRUE">0</attscale></attr><attr><attrlabl Sync="TRUE">SPPROTECTION</attrlabl><attalias Sync="TRUE">Protection</attalias><attrtype Sync="TRUE">String</attrtype><attwidth Sync="TRUE">50</attwidth><atprecis Sync="TRUE">0</atprecis><attscale Sync="TRUE">0</attscale></attr><attr><attrlabl Sync="TRUE">SPSECVOLT</attrlabl><attalias Sync="TRUE">Secondary Voltage</attalias><attrtype Sync="TRUE">String</attrtype><attwidth Sync="TRUE">8</attwidth><atprecis Sync="TRUE">0</atprecis><attscale Sync="TRUE">0</attscale></attr><attr><attrlabl Sync="TRUE">SPSTATUS</attrlabl><attalias Sync="TRUE">Status</attalias><attrtype Sync="TRUE">String</attrtype><attwidth Sync="TRUE">2</attwidth><atprecis Sync="TRUE">0</atprecis><attscale Sync="TRUE">0</attscale></attr><attr><attrlabl Sync="TRUE">SPCOMMISSIONDATE</attrlabl><attalias Sync="TRUE">Commission Date</attalias><attrtype Sync="TRUE">Date</attrtype><attwidth Sync="TRUE">36</attwidth><atprecis Sync="TRUE">0</atprecis><attscale Sync="TRUE">0</attscale></attr><attr><attrlabl Sync="TRUE">STRUCTURETYPE</attrlabl><attalias Sync="TRUE">Structure Type</attalias><attrtype Sync="TRUE">String</attrtype><attwidth Sync="TRUE">20</attwidth><atprecis Sync="TRUE">0</atprecis><attscale Sync="TRUE">0</attscale></attr><attr><attrlabl Sync="TRUE">SPNAME</attrlabl><attalias Sync="TRUE">Name</attalias><attrtype Sync="TRUE">String</attrtype><attwidth Sync="TRUE">61</attwidth><atprecis Sync="TRUE">0</atprecis><attscale Sync="TRUE">0</attscale></attr><attr><attrlabl Sync="TRUE">LABELTEXT</attrlabl><attalias Sync="TRUE">Label Text</attalias><attrtype Sync="TRUE">String</attrtype><attwidth Sync="TRUE">100</attwidth><atprecis Sync="TRUE">0</atprecis><attscale Sync="TRUE">0</attscale></attr><attr><attrlabl Sync="TRUE">SPBUILDINGTYPE</attrlabl><attalias Sync="TRUE">Building Type</attalias><attrtype Sync="TRUE">String</attrtype><attwidth Sync="TRUE">61</attwidth><atprecis Sync="TRUE">0</atprecis><attscale Sync="TRUE">0</attscale></attr><attr><attrlabl Sync="TRUE">SPFAXNO</attrlabl><attalias Sync="TRUE">Fax Number</attalias><attrtype Sync="TRUE">String</attrtype><attwidth Sync="TRUE">20</attwidth><atprecis Sync="TRUE">0</atprecis><attscale Sync="TRUE">0</attscale></attr><attr><attrlabl Sync="TRUE">SPPAXNO</attrlabl><attalias Sync="TRUE">PAX Number</attalias><attrtype Sync="TRUE">String</attrtype><attwidth Sync="TRUE">20</attwidth><atprecis Sync="TRUE">0</atprecis><attscale Sync="TRUE">0</attscale></attr><attr><attrlabl Sync="TRUE">SPPHONE</attrlabl><attalias Sync="TRUE">Phone Number</attalias><attrtype Sync="TRUE">String</attrtype><attwidth Sync="TRUE">20</attwidth><atprecis Sync="TRUE">0</atprecis><attscale Sync="TRUE">0</attscale></attr><attr><attrlabl Sync="TRUE">SPPOSTCODE</attrlabl><attalias Sync="TRUE">Postcode</attalias><attrtype Sync="TRUE">String</attrtype><attwidth Sync="TRUE">9</attwidth><atprecis Sync="TRUE">0</atprecis><attscale Sync="TRUE">0</attscale></attr><attr><attrlabl Sync="TRUE">SPPROTCONTACT</attrlabl><attalias Sync="TRUE">Protection Contact</attalias><attrtype Sync="TRUE">String</attrtype><attwidth Sync="TRUE">40</attwidth><atprecis Sync="TRUE">0</atprecis><attscale Sync="TRUE">0</attscale></attr><attr><attrlabl Sync="TRUE">SPSWITCHSTN</attrlabl><attalias Sync="TRUE">Switching Station</attalias><attrtype Sync="TRUE">String</attrtype><attwidth Sync="TRUE">1</attwidth><atprecis Sync="TRUE">0</atprecis><attscale Sync="TRUE">0</attscale></attr><attr><attrlabl Sync="TRUE">SPWAYLEAVENUM</attrlabl><attalias Sync="TRUE">Wayleave Number</attalias><attrtype Sync="TRUE">String</attrtype><attwidth Sync="TRUE">12</attwidth><atprecis Sync="TRUE">0</atprecis><attscale Sync="TRUE">0</attscale></attr><attr><attrlabl Sync="TRUE">SHAPE</attrlabl><attalias Sync="TRUE">Shape</attalias><attrtype Sync="TRUE">Geometry</attrtype><attwidth Sync="TRUE">4</attwidth><atprecis Sync="TRUE">0</atprecis><attscale Sync="TRUE">0</attscale><attrdef Sync="TRUE">Feature geometry.</attrdef><attrdefs Sync="TRUE">ESRI</attrdefs><attrdomv><udom Sync="TRUE">Coordinates defining the features.</udom></attrdomv></attr><attr><attrlabl Sync="TRUE">GND_SYMBOL</attrlabl><attalias Sync="TRUE">GND_SYMBOL</attalias><attrtype Sync="TRUE">Integer</attrtype><attwidth Sync="TRUE">4</attwidth><atprecis Sync="TRUE">10</atprecis><attscale Sync="TRUE">0</attscale></attr><attr><attrlabl Sync="TRUE">GND_SHAPE</attrlabl><attalias Sync="TRUE">GND_SHAPE</attalias><attrtype Sync="TRUE">Blob</attrtype><attwidth Sync="TRUE">0</attwidth><atprecis Sync="TRUE">0</atprecis><attscale Sync="TRUE">0</attscale></attr><subtype><stname Sync="TRUE">Grid Sub</stname><stcode Sync="TRUE">2</stcode><stfield><stfldnm Sync="TRUE">SPLABELHIDE</stfldnm><stflddv Sync="TRUE">0</stflddv><stflddd><domname Sync="TRUE">Label Hide</domname><domdesc Sync="TRUE"></domdesc><domtype Sync="TRUE">Coded Value</domtype><mrgtype Sync="TRUE">Default value</mrgtype><splttype Sync="TRUE">Duplicate</splttype><domowner Sync="TRUE">SPADMIN</domowner><domfldtp Sync="TRUE">SmallInteger</domfldtp></stflddd></stfield><stfield><stfldnm Sync="TRUE">SUBTYPECD</stfldnm><stflddv Sync="TRUE">2</stflddv></stfield><stfield><stfldnm Sync="TRUE">SYMBOLROTATION</stfldnm><stflddv Sync="TRUE">0</stflddv></stfield><stfield><stfldnm Sync="TRUE">SPSTATUS</stfldnm><stflddv Sync="TRUE">EX</stflddv><stflddd><domname Sync="TRUE">P and C Network Status</domname><domdesc Sync="TRUE"></domdesc><domtype Sync="TRUE">Coded Value</domtype><mrgtype Sync="TRUE">Default value</mrgtype><splttype Sync="TRUE">Duplicate</splttype><domowner Sync="TRUE">SPADMIN</domowner><domfldtp Sync="TRUE">String</domfldtp></stflddd></stfield><stfield><stfldnm Sync="TRUE">SPSWITCHSTN</stfldnm><stflddd><domname Sync="TRUE">Yes/No Indicator</domname><domdesc Sync="TRUE"></domdesc><domtype Sync="TRUE">Coded Value</domtype><mrgtype Sync="TRUE">Default value</mrgtype><splttype Sync="TRUE">Duplicate</splttype><domowner Sync="TRUE">SPADMIN</domowner><domfldtp Sync="TRUE">String</domfldtp></stflddd></stfield><stfield><stfldnm Sync="TRUE">GND_SYMBOL</stfldnm><stflddv Sync="TRUE">1</stflddv></stfield></subtype><subtype><stname Sync="TRUE">Trans Sub</stname><stcode Sync="TRUE">1</stcode><stfield><stfldnm Sync="TRUE">SPLABELHIDE</stfldnm><stflddv Sync="TRUE">0</stflddv><stflddd><domname Sync="TRUE">Label Hide</domname><domdesc Sync="TRUE"></domdesc><domtype Sync="TRUE">Coded Value</domtype><mrgtype Sync="TRUE">Default value</mrgtype><splttype Sync="TRUE">Duplicate</splttype><domowner Sync="TRUE">SPADMIN</domowner><domfldtp Sync="TRUE">SmallInteger</domfldtp></stflddd></stfield><stfield><stfldnm Sync="TRUE">SUBTYPECD</stfldnm><stflddv Sync="TRUE">1</stflddv></stfield><stfield><stfldnm Sync="TRUE">SYMBOLROTATION</stfldnm><stflddv Sync="TRUE">0</stflddv></stfield><stfield><stfldnm Sync="TRUE">SPSTATUS</stfldnm><stflddv Sync="TRUE">EX</stflddv><stflddd><domname Sync="TRUE">P and C Network Status</domname><domdesc Sync="TRUE"></domdesc><domtype Sync="TRUE">Coded Value</domtype><mrgtype Sync="TRUE">Default value</mrgtype><splttype Sync="TRUE">Duplicate</splttype><domowner Sync="TRUE">SPADMIN</domowner><domfldtp Sync="TRUE">String</domfldtp></stflddd></stfield><stfield><stfldnm Sync="TRUE">SPSWITCHSTN</stfldnm><stflddd><domname Sync="TRUE">Yes/No Indicator</domname><domdesc Sync="TRUE"></domdesc><domtype Sync="TRUE">Coded Value</domtype><mrgtype Sync="TRUE">Default value</mrgtype><splttype Sync="TRUE">Duplicate</splttype><domowner Sync="TRUE">SPADMIN</domowner><domfldtp Sync="TRUE">String</domfldtp></stflddd></stfield><stfield><stfldnm Sync="TRUE">GND_SYMBOL</stfldnm><stflddv Sync="TRUE">1</stflddv></stfield></subtype><subtype><stname Sync="TRUE">Primary Sub</stname><stcode Sync="TRUE">3</stcode><stfield><stfldnm Sync="TRUE">SPLABELHIDE</stfldnm><stflddv Sync="TRUE">0</stflddv><stflddd><domname Sync="TRUE">Label Hide</domname><domdesc Sync="TRUE"></domdesc><domtype Sync="TRUE">Coded Value</domtype><mrgtype Sync="TRUE">Default value</mrgtype><splttype Sync="TRUE">Duplicate</splttype><domowner Sync="TRUE">SPADMIN</domowner><domfldtp Sync="TRUE">SmallInteger</domfldtp></stflddd></stfield><stfield><stfldnm Sync="TRUE">SUBTYPECD</stfldnm><stflddv Sync="TRUE">3</stflddv></stfield><stfield><stfldnm Sync="TRUE">SYMBOLROTATION</stfldnm><stflddv Sync="TRUE">0</stflddv></stfield><stfield><stfldnm Sync="TRUE">SPSTATUS</stfldnm><stflddv Sync="TRUE">EX</stflddv><stflddd><domname Sync="TRUE">P and C Network Status</domname><domdesc Sync="TRUE"></domdesc><domtype Sync="TRUE">Coded Value</domtype><mrgtype Sync="TRUE">Default value</mrgtype><splttype Sync="TRUE">Duplicate</splttype><domowner Sync="TRUE">SPADMIN</domowner><domfldtp Sync="TRUE">String</domfldtp></stflddd></stfield><stfield><stfldnm Sync="TRUE">SPSWITCHSTN</stfldnm><stflddd><domname Sync="TRUE">Yes/No Indicator</domname><domdesc Sync="TRUE"></domdesc><domtype Sync="TRUE">Coded Value</domtype><mrgtype Sync="TRUE">Default value</mrgtype><splttype Sync="TRUE">Duplicate</splttype><domowner Sync="TRUE">SPADMIN</domowner><domfldtp Sync="TRUE">String</domfldtp></stflddd></stfield><stfield><stfldnm Sync="TRUE">GND_SYMBOL</stfldnm><stflddv Sync="TRUE">2</stflddv></stfield></subtype><subtype><stname Sync="TRUE">GM Sec Sub</stname><stcode Sync="TRUE">4</stcode><stfield><stfldnm Sync="TRUE">SPLABELHIDE</stfldnm><stflddv Sync="TRUE">0</stflddv><stflddd><domname Sync="TRUE">Label Hide</domname><domdesc Sync="TRUE"></domdesc><domtype Sync="TRUE">Coded Value</domtype><mrgtype Sync="TRUE">Default value</mrgtype><splttype Sync="TRUE">Duplicate</splttype><domowner Sync="TRUE">SPADMIN</domowner><domfldtp Sync="TRUE">SmallInteger</domfldtp></stflddd></stfield><stfield><stfldnm Sync="TRUE">SUBTYPECD</stfldnm><stflddv Sync="TRUE">4</stflddv></stfield><stfield><stfldnm Sync="TRUE">SYMBOLROTATION</stfldnm><stflddv Sync="TRUE">0</stflddv></stfield><stfield><stfldnm Sync="TRUE">SPSTATUS</stfldnm><stflddv Sync="TRUE">EX</stflddv><stflddd><domname Sync="TRUE">P and C Network Status</domname><domdesc Sync="TRUE"></domdesc><domtype Sync="TRUE">Coded Value</domtype><mrgtype Sync="TRUE">Default value</mrgtype><splttype Sync="TRUE">Duplicate</splttype><domowner Sync="TRUE">SPADMIN</domowner><domfldtp Sync="TRUE">String</domfldtp></stflddd></stfield><stfield><stfldnm Sync="TRUE">SPSWITCHSTN</stfldnm><stflddd><domname Sync="TRUE">Yes/No Indicator</domname><domdesc Sync="TRUE"></domdesc><domtype Sync="TRUE">Coded Value</domtype><mrgtype Sync="TRUE">Default value</mrgtype><splttype Sync="TRUE">Duplicate</splttype><domowner Sync="TRUE">SPADMIN</domowner><domfldtp Sync="TRUE">String</domfldtp></stflddd></stfield><stfield><stfldnm Sync="TRUE">GND_SYMBOL</stfldnm><stflddv Sync="TRUE">3</stflddv></stfield></subtype></detailed><detailed Name="SPADMIN.GroundMountedStation_DynProtDevice"><enttyp><enttypl Sync="TRUE">SPADMIN.GroundMountedStation_DynProtDevice</enttypl><enttypt Sync="TRUE">Relationship</enttypt></enttyp></detailed><detailed Name="SPADMIN.GroundMountedStation_Switch"><enttyp><enttypl Sync="TRUE">SPADMIN.GroundMountedStation_Switch</enttypl><enttypt Sync="TRUE">Relationship</enttypt></enttyp></detailed><detailed Name="SPADMIN.GroundMountedStation_LVFuseBoard"><enttyp><enttypl Sync="TRUE">SPADMIN.GroundMountedStation_LVFuseBoard</enttypl><enttypt Sync="TRUE">Relationship</enttypt></enttyp></detailed><detailed Name="SPADMIN.GroundMountedStation_ProtectiveDevice"><enttyp><enttypl Sync="TRUE">SPADMIN.GroundMountedStation_ProtectiveDevice</enttypl><enttypt Sync="TRUE">Relationship</enttypt></enttyp></detailed><detailed Name="SPADMIN.GroundMountedStation_LVProtDevice"><enttyp><enttypl Sync="TRUE">SPADMIN.GroundMountedStation_LVProtDevice</enttypl><enttypt Sync="TRUE">Relationship</enttypt></enttyp></detailed><detailed Name="SPADMIN.GroundMountedStation_Transformer"><enttyp><enttypl Sync="TRUE">SPADMIN.GroundMountedStation_Transformer</enttypl><enttypt Sync="TRUE">Relationship</enttypt></enttyp></detailed></eainfo><mdDateSt Sync="TRUE">20091116</mdDateSt></metadata>
